Variable / Field Name,Form Name,Section Header,Field Label,"Choices, Calculations, OR Slider Labels",Definition,Completion Guideline,Standardized Term Codelist,Standardized Term Code,Standardized Term Codelist URL,Metathesaurus Concept Code,Metathesaurus Code Link,Branching Logic (Show field only if...)
comorbidities_chroniccardiac,presentation,CO-MORBIDITIES AND RISK FACTORS (existing prior to admission and ongoing),Chronic cardiac disease (not hypertension),"1, Yes | 2, No | 3, Unknown","An indication whether the patient had/has chronic cardiovascular disease, specified as a disease of the heart or blood vessels, such as coronary heart disease, stroke, peripheral arterial disease and aortic disease caused by a blood clot (thrombosis), or a build up of fatty deposits inside an artery, leading to the artery hardening and narrowing (artherosclerosis). This can reduce the blood flow to the heart, brain or body at the specified time.  ",COMORBIDITITES: Please record if any of these comorbidities existed prior to admission. ,SNOMED,"128292002, Chronic disease of cardiovascular system (disorder)",https://browser.ihtsdotools.org/?perspective=full&conceptId1=128292002&edition=MAIN/2023-05-31&release=&languages=en,"C1290380, Chronic disease/disorder of cardiovascular system",https://ncimetathesaurus.nci.nih.gov/ncimbrowser/ConceptReport.jsp?dictionary=NCI%20Metathesaurus&code=C1290380,
comorbidities_hypertension,presentation,,Hypertension  ,"1, Yes | 2, No | 3, Unknown","An indication whether the patient had/has hypertension, specified as a bloodpressure of 140/90 mmHg or higher at the specified time (WHO factsheet).",COMORBIDITITES: Please record if any of these comorbidities existed prior to admission. ,SNOMED,"38341003, Hypertensive disorder",https://browser.ihtsdotools.org/?perspective=full&conceptId1=38341003&edition=MAIN/2023-05-31&release=&languages=en,"C4014808, Hypertension",https://ncim.nci.nih.gov/ncimbrowser/ConceptReport.jsp?dictionary=NCI%20MetaThesaurus&code=C4014808,
comorbidities_chronicpulmonary,presentation,,Chronic pulmonary disease (not asthma),"1, Yes | 2, No | 3, Unknown","An indication whether the patient had/has Chronic obstructive pulmonary disease, specified as chronic bronchitis, emphysema, chronic obstructive airways disease at the specific time",COMORBIDITITES: Please record if any of these comorbidities existed prior to admission. ,SNOMED,"13645005, Chronic obstructive lung disease","https://termbrowser.nhs.uk/?perspective=full&conceptId1=13645005&edition=uk-edition&release=v20230607&server=https://termbrowser.nhs.uk/sct-browser-api/snomed&langRefset=999001261000000100,999000691000001104","C0024117, Chronic obstructive pulmonary disease",https://ncimetathesaurus.nci.nih.gov/ncimbrowser/ConceptReport.jsp?dictionary=NCI%20Metathesaurus&code=C0024117,
comorbidities_asthma,presentation,,Asthma (physician diagnosed),"1, Yes | 2, No | 3, Unknown",An indication whether the patient had/has asthma specified as a chronic respiratory disease manifested as difficulty breathing due to the narrowing of bronchial passageways at the specified time. ,COMORBIDITITES: Please record if any of these comorbidities existed prior to admission. ,SNOMED,"195967001, Asthma","https://termbrowser.nhs.uk/?perspective=full&conceptId1=195967001&edition=uk-edition&release=v20230607&server=https://termbrowser.nhs.uk/sct-browser-api/snomed&langRefset=999001261000000100,999000691000001104","C4229310, Asthma",https://ncimetathesaurus.nci.nih.gov/ncimbrowser/ConceptReport.jsp?dictionary=NCI%20Metathesaurus&code=C4229310,
comorbidities_chronickidney,presentation,,Chronic kidney disease,"1, Yes | 2, No | 3, Unknown",An indication of a disorder characterized by gradual and usually permanent loss of kidney function resulting in renal failure at the specified time.,COMORBIDITITES: Please record if any of these comorbidities existed prior to admission. ,SNOMED,"709044004, Chronic kidney disease ","https://termbrowser.nhs.uk/?perspective=full&conceptId1=709044004&edition=uk-edition&release=v20230607&server=https://termbrowser.nhs.uk/sct-browser-api/snomed&langRefset=999001261000000100,999000691000001104","C1561643, Chronic kidney disease",https://ncimetathesaurus.nci.nih.gov/ncimbrowser/ConceptReport.jsp?dictionary=NCI%20Metathesaurus&code=C1561643,
comorbidities_obesity,presentation,,Obesity (as defined by clinical staff),"1, Yes | 2, No | 3, Unknown",An indication whether the patient had/has obesity specified as having a high amount of body fat (body mass index [BMI] of 30 or more) at the specified time.,COMORBIDITITES: Please record if any of these comorbidities existed prior to admission. ,SNOMED,"414916001, Obesity (disorder)","https://termbrowser.nhs.uk/?perspective=full&conceptId1=414916001&edition=uk-edition&release=v20230607&server=https://termbrowser.nhs.uk/sct-browser-api/snomed&langRefset=999001261000000100,999000691000001104","C3809449, Obesity",https://ncimetathesaurus.nci.nih.gov/ncimbrowser/ConceptReport.jsp?dictionary=NCI%20Metathesaurus&code=C3809449,
comorbidities_severeliver,presentation,,Moderate or severe liver disease,"1, Yes | 2, No | 3, Unknown","An indication whether the patient had/has severe liver disease specified as cirrhosis and portal hypertension with variceal bleeding, ascites, chronic jaundice, or status post liver transplantation at the specified time. ",COMORBIDITITES: Please record if any of these comorbidities existed prior to admission. ,SNOMED,"197270009, Acute hepatic failure, There is no mild, moderate or severe liver disease; only acute liver disease","https://termbrowser.nhs.uk/?perspective=full&conceptId1=197270009&edition=uk-edition&release=v20230607&server=https://termbrowser.nhs.uk/sct-browser-api/snomed&langRefset=999001261000000100,999000691000001104","CL1680096, Moderate or severe liver or renal disease",https://ncimetathesaurus.nci.nih.gov/ncimbrowser/ConceptReport.jsp?dictionary=NCI%20Metathesaurus&code=CL1680096,
comorbidities_mildliver,presentation,,Mild liver disease,"1, Yes | 2, No | 3, Unknown",An indication whether the patient had/has mild liver disease specified as Chronic hepatitis or cirrhosis without portal hypertension at the specified time.,COMORBIDITITES: Please record if any of these comorbidities existed prior to admission. ,SNOMED,"235856003, Disorder of liver ","https://termbrowser.nhs.uk/?perspective=full&conceptId1=235856003&edition=uk-edition&release=v20230607&server=https://termbrowser.nhs.uk/sct-browser-api/snomed&langRefset=999001261000000100,999000691000001104","CL1793621, Mild Liver Disease",https://ncimetathesaurus.nci.nih.gov/ncimbrowser/ConceptReport.jsp?dictionary=NCI%20Metathesaurus&code=CL1793621,
comorbidities_asplenia,presentation,,Asplenia,"1, Yes | 2, No | 3, Unknown",An indication whether the patient had an asplenia or has been born without a spleen specified as an anatomic absence of the spleen or functional asplenia secondary to a variety of disease at the specified time.,COMORBIDITITES: Please record if any of these comorbidities existed prior to admission. ,SNOMED,"707147002, Asplenia","https://termbrowser.nhs.uk/?perspective=full&conceptId1=707147002&edition=uk-edition&release=v20230607&server=https://termbrowser.nhs.uk/sct-browser-api/snomed&langRefset=999001261000000100,999000691000001104","CL534652, asplenia following surgical procedure; C3810472, Congenital absence of spleen",https://ncimetathesaurus.nci.nih.gov/ncimbrowser/ConceptReport.jsp?dictionary=NCI%20Metathesaurus&code=CL534652                                                                                                                                                                                    https://ncimetathesaurus.nci.nih.gov/ncimbrowser/ConceptReport.jsp?dictionary=NCI%20Metathesaurus&code=C3810472,
comorbidities_chronicneurological,presentation,,Chronic neurological disorder,"1, Yes | 2, No | 3, Unknown","An indication whether the patient had/has a common neurological disorder, specified as Alzheimer's disease, Parkinson's disease, Dystonia, ALS, Huntington's disease, Neuromuscular disease, Multiple sclerosis and Epilepsy at the specified time.",COMORBIDITITES: Please record if any of these comorbidities existed prior to admission. ,SNOMED,"118940003, Disorder of nervous system","https://termbrowser.nhs.uk/?perspective=full&conceptId1=118940003&edition=uk-edition&release=v20230607&server=https://termbrowser.nhs.uk/sct-browser-api/snomed&langRefset=999001261000000100,999000691000001104","C0524851, Neurodegenerative disorders",https://ncimetathesaurus.nci.nih.gov/ncimbrowser/ConceptReport.jsp?dictionary=NCI%20Metathesaurus&code=C0524851,
comorbidities_malignantneoplasm,presentation,,Malignant neoplasm,"1, Yes | 2, No | 3, Unknown","An indication whether the patient had/has a malignant neoplasm specified as carcinomas, Hodgkin and non-Hodgkin lymphomas, leukemias, melanomas, and sarcomas at the specified time.",COMORBIDITITES: Please record if any of these comorbidities existed prior to admission. ,SNOMED,"363346000, Malignant neoplastic disease","https://termbrowser.nhs.uk/?perspective=full&conceptId1=363346000&edition=uk-edition&release=v20230607&server=https://termbrowser.nhs.uk/sct-browser-api/snomed&langRefset=999001261000000100,999000691000001104","C1861853, Malignant Neoplasm",https://ncimetathesaurus.nci.nih.gov/ncimbrowser/ConceptReport.jsp?dictionary=NCI%20Metathesaurus&code=C1861853,
comorbidities_chronichematologic,presentation,,Chronic hematologic disease,"1, Yes | 2, No | 3, Unknown","An indication whether the patient had/has disorders of the blood and blood forming organs, specified as blood cell cancers, rere genetic disorders, anaemia, conditions related to HIV, sickle cell disease, complications from chemotherapy or transfusions at the specified time.",COMORBIDITITES: Please record if any of these comorbidities existed prior to admission. ,SNOMED,"398983000, Chronic disease of hematopoietic system","https://termbrowser.nhs.uk/?perspective=full&conceptId1=398983000&edition=uk-edition&release=v20230607&server=https://termbrowser.nhs.uk/sct-browser-api/snomed&langRefset=999001261000000100,999000691000001104","C1275398, Chronic disease of haematopoietic system",https://ncimetathesaurus.nci.nih.gov/ncimbrowser/ConceptReport.jsp?dictionary=NCI%20Metathesaurus&code=C1275398,
comorbidities_rheumatologic,presentation,,Rheumatologic disorder,"1, Yes | 2, No | 3, Unknown",An indication whether the patient had/has rheumatic disorders specified as osteoarthritis and rheumatoid arthritis at the specified time.,COMORBIDITITES: Please record if any of these comorbidities existed prior to admission. ,SNOMED,"69896004, Rheumatoid arthritis disorder","https://termbrowser.nhs.uk/?perspective=full&conceptId1=69896004&edition=uk-edition&release=v20230607&server=https://termbrowser.nhs.uk/sct-browser-api/snomed&langRefset=999001261000000100,999000691000001104","C0035435, Rheumatologic Disorder",https://ncimetathesaurus.nci.nih.gov/ncimbrowser/ConceptReport.jsp?dictionary=NCI%20Metathesaurus&code=C0035435,
comorbidities_aids,presentation,,AIDS / HIV,"1, YES-on ART | 2, YES-not on ART | 3, No | 4, Unknown","An indication whether the patient had/has Human Immunodeficiency Virus 1 or 2 or has/had Aquired Immunity Deficiency Syndrome specified as a chronic, potentially life threatening condition that is caused by human immunodeficiency virus (HIV) infection, and is characterized by increased susceptibility to opportunistic infections, certain cancers and neurologic disorders at the specified time.",COMORBIDITITES: Please record if any of these comorbidities existed prior to admission. ,SNOMED,"62479008, Acquired immune deficiency syndrome; 19030005, Human immunodeficiency virus ","https://termbrowser.nhs.uk/?perspective=full&conceptId1=62479008&edition=uk-edition&release=v20230607&server=https://termbrowser.nhs.uk/sct-browser-api/snomed&langRefset=999001261000000100,999000691000001104,                             https://termbrowser.nhs.uk/?perspective=full&conceptId1=19030005&edition=uk-edition&release=v20230607&server=https://termbrowser.nhs.uk/sct-browser-api/snomed&langRefset=999001261000000100,999000691000001104","C0001175, Acquired Immunodeficiency Syndrome; C0019704 Human Immunodeficiency Virus 1; C0019707 Human Immunodeficiency Virus 2",https://ncimetathesaurus.nci.nih.gov/ncimbrowser/ConceptReport.jsp?dictionary=NCI%20Metathesaurus&code=C0001175      ;https://ncimetathesaurus.nci.nih.gov/ncimbrowser/ConceptReport.jsp?dictionary=NCI%20Metathesaurus&code=C0019704;      https://ncimetathesaurus.nci.nih.gov/ncimbrowser/ConceptReport.jsp?dictionary=NCI%20Metathesaurus&code=C0019707,
comorbidities_diabetes,presentation,,Diabetes Mellitus,"1, YES-Type 1 | 2, YES -Type 2 | 3, YES -Gestational | 4, No | 5, Unknown",An indication whether the patient had/has a metabolic disorder characterized by abnormally high blood sugar levels due to diminished production of insulin or insulin resistance/desensitization at the specified time.,COMORBIDITITES: Please record if any of these comorbidities existed prior to admission. ,SNOMED,"73211009, Diabetes mellitus","https://termbrowser.nhs.uk/?perspective=full&conceptId1=73211009&edition=uk-edition&release=v20230607&server=https://termbrowser.nhs.uk/sct-browser-api/snomed&langRefset=999001261000000100,999000691000001104","C4013416, Diabetes Mellitus",https://ncimetathesaurus.nci.nih.gov/ncimbrowser/ConceptReport.jsp?dictionary=NCI%20Metathesaurus&code=C4013416,
comorbidities_dementia,presentation,,Dementia,"1, Yes | 2, No | 3, Unknown","An indication whether the patient had/has dementia, specified as a loss of intellectual abilities interfering with an individual's social and occupational functions. Causes include Alzheimer's disease, brain injuries, brain tumors, and vascular disorders at the specified time.",COMORBIDITITES: Please record if any of these comorbidities existed prior to admission. ,SNOMED,"52448006, Dementia","https://termbrowser.nhs.uk/?perspective=full&conceptId1=52448006&edition=uk-edition&release=v20230607&server=https://termbrowser.nhs.uk/sct-browser-api/snomed&langRefset=999001261000000100,999000691000001104","C1969275, Dementia",https://ncimetathesaurus.nci.nih.gov/ncimbrowser/ConceptReport.jsp?dictionary=NCI%20Metathesaurus&code=C1969275,
comorbidities_tuberculosis,presentation,,Tuberculosis,"1, Yes | 2, No | 3, Unknown","An indication whether the patient had/has tuberculosis, specified as a chronic, recurrent infection caused by the bacterium Mycobacterium tuberculosis at the specified time.",COMORBIDITITES: Please record if any of these comorbidities existed prior to admission. ,SNOMED,"56717001, Tuberculosis","https://termbrowser.nhs.uk/?perspective=full&conceptId1=56717001&edition=uk-edition&release=v20230607&server=https://termbrowser.nhs.uk/sct-browser-api/snomed&langRefset=999001261000000100,999000691000001104","C0041296, Tuberculosis",https://ncimetathesaurus.nci.nih.gov/ncimbrowser/ConceptReport.jsp?dictionary=NCI%20Metathesaurus&code=C0041296,
comorbidities_malnutrition,presentation,,Malnutrition,"1, Yes | 2, No | 3, Unknown","An indication whether the patient had/has malnutrition, specified as inadequate nutrition resulting from poor diet, malabsorption, or abnormal nutrient distribution at the specified time.",COMORBIDITITES: Please record if any of these comorbidities existed prior to admission. ,SNOMED,"2492009, Nutritional disorder","https://termbrowser.nhs.uk/?perspective=full&conceptId1=2492009&edition=uk-edition&release=v20230607&server=https://termbrowser.nhs.uk/sct-browser-api/snomed&langRefset=999001261000000100,999000691000001104","CL1378604, Malnutrition",https://ncimetathesaurus.nci.nih.gov/ncimbrowser/ConceptReport.jsp?dictionary=NCI%20Metathesaurus&code=CL1378604,
comorbidities_smoking,presentation,,Smoking,"1, Current smoker | 2, Never smoked | 3, Former smoke | 4, Unknown","An indication whether the patient had/has smoked, specified as the act of puffing and/or inhaling the combustion products of a substance so as to be tasted and absorbed into the bloodstream at the specified time.",COMORBIDITITES: Please record if any of these comorbidities existed prior to admission. ,SNOMED,"77176002, Smoker","https://termbrowser.nhs.uk/?perspective=full&conceptId1=77176002&edition=uk-edition&release=v20230607&server=https://termbrowser.nhs.uk/sct-browser-api/snomed&langRefset=999001261000000100,999000691000001104","C0037369, Smoking",https://ncimetathesaurus.nci.nih.gov/ncimbrowser/ConceptReport.jsp?dictionary=NCI%20Metathesaurus&code=C0037369,
comorbidities_hepatiticbc,presentation,,Chronic hepatitis B/C infection,"1, Yes | 2, No | 3, Unknown",An indication whether the patient had/has Hepatitis B or C at the specified time.,COMORBIDITITES: Please record if any of these comorbidities existed prior to admission. ,SNOMED,"61977001, Chronic type B viral hepatitis, 128302006, Chronic hepatitis C","https://termbrowser.nhs.uk/?perspective=full&conceptId1=61977001&edition=uk-edition&release=v20230607&server=https://termbrowser.nhs.uk/sct-browser-api/snomed&langRefset=999001261000000100,999000691000001104,    https://termbrowser.nhs.uk/?perspective=full&conceptId1=128302006&edition=uk-edition&release=v20230607&server=https://termbrowser.nhs.uk/sct-browser-api/snomed&langRefset=999001261000000100,999000691000001104","C0524909, chronic type B viral hepatitis; C0524910, chronic hepatitis C",https://ncimetathesaurus.nci.nih.gov/ncimbrowser/ConceptReport.jsp?dictionary=NCI%20Metathesaurus&code=C0524909; https://ncimetathesaurus.nci.nih.gov/ncimbrowser/ConceptReport.jsp?dictionary=NCI%20Metathesaurus&code=C0524910,
comorbidities_liverdisease,presentation,,Liver disease,"1, Yes | 2, No | 3, Unknown","An indication whether the patient had/has (chronic?) liver disease, specified as Hepatic necrosis, inflammation, or scarring due to any cause that persists for more than 6 months. Manifestations may include signs and symptoms of cholestasis, portal hypertension, and/or abnormal liver function tests at the specified time.",COMORBIDITITES: Please record if any of these comorbidities existed prior to admission. ,SNOMED,"235856003, Disorder of liver; 328383001, Chronic liver disease","*https://termbrowser.nhs.uk/?perspective=full&conceptId1=235856003&edition=uk-edition&release=v20230607&server=https://termbrowser.nhs.uk/sct-browser-api/snomed&langRefset=999001261000000100,999000691000001104                                                                                                                       *https://termbrowser.nhs.uk/?perspective=full&conceptId1=328383001&edition=uk-edition&release=v20230607&server=https://termbrowser.nhs.uk/sct-browser-api/snomed&langRefset=999001261000000100,999000691000001104","C0341439, chronic liver disease",https://ncimetathesaurus.nci.nih.gov/ncimbrowser/ConceptReport.jsp?dictionary=NCI%20Metathesaurus&code=C0341439,
symptoms_fever,presentation,"SIGNS AND SYMPTOMS ON ADMISSION  (first data, within 24 hours of presentation/admission)",History of fever / chills / rigors,"1, Yes | 2, No | 3, Unknown","An indication whether the patient had/has a history of flu-like symptoms specified as fever, chills and/or rigors at the specified time.",SIGNS AND SYMPTOMS: Please record if any of these signs and symptoms existed prior to admission. ,SNOMED,"95891005, Influenza-like illness (finding)","https://termbrowser.nhs.uk/?perspective=full&conceptId1=95891005&edition=uk-edition&release=v20230607&server=https://termbrowser.nhs.uk/sct-browser-api/snomed&langRefset=999001261000000100,999000691000001104","C0521839, Inflenza-like illness",https://ncimetathesaurus.nci.nih.gov/ncimbrowser/ConceptReport.jsp?dictionary=NCI%20Metathesaurus&code=C0521839,
symptoms_cough,presentation,,Cough      ,"1, YES - non-productive | 2, YES - productive | 3, YES - with haemoptysis | 4, NO | 5, Unknown","An indication whether the patient had/has a cough, specified as a sudden, often repetitive, spasmodic contraction of the thoracic cavity, resulting in violent release of air from the lungs, and usually accompanied by a distinctive sound at the specified time.",SIGNS AND SYMPTOMS: Please record if any of these signs and symptoms existed prior to admission. ,SNOMED,"49727002, Cough","https://termbrowser.nhs.uk/?perspective=full&conceptId1=49727002&edition=uk-edition&release=v20230607&server=https://termbrowser.nhs.uk/sct-browser-api/snomed&langRefset=999001261000000100,999000691000001104","C0010200, Cough",https://ncimetathesaurus.nci.nih.gov/ncimbrowser/ConceptReport.jsp?dictionary=NCI%20Metathesaurus&code=C0010200,
symptoms_sorethroat,presentation,,Sore throat,"1, Yes | 2, No | 3, Unknown","An indication whether the patient had/has a sore throat, specified as any kind of inflammatory process of the tonsils, pharynx, or/and larynx characterized by pain in swallowing at the specified time.",SIGNS AND SYMPTOMS: Please record if any of these signs and symptoms existed prior to admission. ,SNOMED,"162397003, Pain in throat","https://termbrowser.nhs.uk/?perspective=full&conceptId1=162397003&edition=uk-edition&release=v20230607&server=https://termbrowser.nhs.uk/sct-browser-api/snomed&langRefset=999001261000000100,999000691000001104","C3854544, Sore Throat",https://ncimetathesaurus.nci.nih.gov/ncimbrowser/ConceptReport.jsp?dictionary=NCI%20Metathesaurus&code=C3854544,
symptoms_rhinorrhoea,presentation,,Runny nose (rhinorrhoea),"1, Yes | 2, No | 3, Unknown","An indication whether the patient had/has nasal discharge, specified as a discharge of fluid from the nose at the specified time.",SIGNS AND SYMPTOMS: Please record if any of these signs and symptoms existed prior to admission. ,SNOMED,"64531003, Nasal discharge","https://termbrowser.nhs.uk/?perspective=full&conceptId1=64531003&edition=uk-edition&release=v20230607&server=https://termbrowser.nhs.uk/sct-browser-api/snomed&langRefset=999001261000000100,999000691000001104","C1260880, Rhinorrhea",https://ncimetathesaurus.nci.nih.gov/ncimbrowser/ConceptReport.jsp?dictionary=NCI%20Metathesaurus&code=C1260880,
symptoms_wheezing,presentation,,Wheezing,"1, Yes | 2, No | 3, Unknown","An indication whether the patient had/has wheezing, specified as a high-pitched breath sound resulting from a narrowing or obstruction of the small airways at the specified time.",SIGNS AND SYMPTOMS: Please record if any of these signs and symptoms existed prior to admission. ,SNOMED,"56018004, Wheezing","https://termbrowser.nhs.uk/?perspective=full&conceptId1=56018004&edition=uk-edition&release=v20230607&server=https://termbrowser.nhs.uk/sct-browser-api/snomed&langRefset=999001261000000100,999000691000001104","C0043144, Wheezing",https://ncimetathesaurus.nci.nih.gov/ncimbrowser/ConceptReport.jsp?dictionary=NCI%20Metathesaurus&code=C0043144,
symptoms_shortnessofbreath,presentation,,Shortness of breath ,"1, Yes | 2, No | 3, Unknown","An indication whether the patient had/has shortness of breath, characterised by an uncomfortable sensation of difficulty breathing at the specified time.",SIGNS AND SYMPTOMS: Please record if any of these signs and symptoms existed prior to admission. ,SNOMED,"267036007, Dyspnea","https://termbrowser.nhs.uk/?perspective=full&conceptId1=267036007&edition=uk-edition&release=v20230607&server=https://termbrowser.nhs.uk/sct-browser-api/snomed&langRefset=999001261000000100,999000691000001104","C4230442, Dyspnea",https://ncimetathesaurus.nci.nih.gov/ncimbrowser/ConceptReport.jsp?dictionary=NCI%20Metathesaurus&code=C4230442,
symptoms_chestindrawing,presentation,,Lower chest wall indrawing,"1, Yes | 2, No | 3, Unknown",An indication whether the patient had/has lower chest wall indrawing specified as retraction of lower chest wall at the specified time.,SIGNS AND SYMPTOMS: Please record if any of these signs and symptoms existed prior to admission. ,SNOMED,"67909005, Chest wall retraction","https://termbrowser.nhs.uk/?perspective=full&conceptId1=67909005&edition=uk-edition&release=v20230607&server=https://termbrowser.nhs.uk/sct-browser-api/snomed&langRefset=999001261000000100,999000691000001104","C0231906, Chest wall retraction",https://ncimetathesaurus.nci.nih.gov/ncimbrowser/pages/message.jsf,
symptoms_chestpain,presentation,,Chest pain,"1, Yes | 2, No | 3, Unknown","An indication whether the patient had/has chest pain, specified as an unpleasant sensation characterized by physical discomfort (such as pricking, throbbing, or aching) localized to the chest at the specified time.",SIGNS AND SYMPTOMS: Please record if any of these signs and symptoms existed prior to admission. ,SNOMED,"29857009, Chest pain","https://termbrowser.nhs.uk/?perspective=full&conceptId1=29857009&edition=uk-edition&release=v20230607&server=https://termbrowser.nhs.uk/sct-browser-api/snomed&langRefset=999001261000000100,999000691000001104","C3807341, Chest pain",https://ncimetathesaurus.nci.nih.gov/ncimbrowser/ConceptReport.jsp?dictionary=NCI%20Metathesaurus&code=C3807341,
symptoms_conjunctivitis,presentation,,Conjunctivitis,"1, Yes | 2, No | 3, Unknown","An indication whether the patient had/has conjunctivitis, specified as an inflammation of the conjunctiva of the eye (membranes lining the eyelids and covering the white part of the eye) at the specified time.",SIGNS AND SYMPTOMS: Please record if any of these signs and symptoms existed prior to admission. ,SNOMED,"9826008, Conjunctivitis","https://termbrowser.nhs.uk/?perspective=full&conceptId1=9826008&edition=uk-edition&release=v20230607&server=https://termbrowser.nhs.uk/sct-browser-api/snomed&langRefset=999001261000000100,999000691000001104","C4011653, Conjunctivitis",https://ncimetathesaurus.nci.nih.gov/ncimbrowser/ConceptReport.jsp?dictionary=NCI%20Metathesaurus&code=C4011653,
symptoms_anosmia,presentation,,Loss of smell (Anosmia),"1, Yes | 2, No | 3, Unknown","An indication whether the patient had/has anosmia, specified as a loss of smell at the specified time.",SIGNS AND SYMPTOMS: Please record if any of these signs and symptoms existed prior to admission. ,SNOMED,"44169009, Loss of sense of smell","https://termbrowser.nhs.uk/?perspective=full&conceptId1=44169009&edition=uk-edition&release=v20230607&server=https://termbrowser.nhs.uk/sct-browser-api/snomed&langRefset=999001261000000100,999000691000001104","C0003126, anosmia",https://ncimetathesaurus.nci.nih.gov/ncimbrowser/ConceptReport.jsp?dictionary=NCI%20Metathesaurus&code=C0003126,
symptoms_ageusia,presentation,,Loss of taste (Ageusia),"1, Yes | 2, No | 3, Unknown","An indication whether the patient had/has ageusia, specified as a loss of taste at the specified time.",SIGNS AND SYMPTOMS: Please record if any of these signs and symptoms existed prior to admission. ,SNOMED,"36955009, Loss of taste","https://termbrowser.nhs.uk/?perspective=full&conceptId1=36955009&edition=uk-edition&release=v20230607&server=https://termbrowser.nhs.uk/sct-browser-api/snomed&langRefset=999001261000000100,999000691000001104","C2364111, Ageusia",https://ncimetathesaurus.nci.nih.gov/ncimbrowser/ConceptReport.jsp?dictionary=NCI%20Metathesaurus&code=C2364111,
symptoms_lymphadenopathy,presentation,,Lymphadenopathy,"1, Yes | 2, No | 3, Unknown",An indication whether the patient had/has lymphadenopathy specified as abnormal enlargement of the lymph nodes at the specified time.,SIGNS AND SYMPTOMS: Please record if any of these signs and symptoms existed prior to admission. ,SNOMED,"30746006, Lymphadenopathy","https://termbrowser.nhs.uk/?perspective=full&conceptId1=30746006&edition=uk-edition&release=v20230607&server=https://termbrowser.nhs.uk/sct-browser-api/snomed&langRefset=999001261000000100,999000691000001104","C4014613, Lymphadenopathy",https://ncimetathesaurus.nci.nih.gov/ncimbrowser/ConceptReport.jsp?dictionary=NCI%20Metathesaurus&code=C4014613,
symptoms_fatigue,presentation,,Fatigue / Malaise / Lethargy,"1, Yes | 2, No | 3, Unknown","An indication whether the patient had/has asthenia, specified as a sign or symptom of weakness and diminished or absent energy and strength (fatigue, malaise, lethargy) at the specified time.",SIGNS AND SYMPTOMS: Please record if any of these signs and symptoms existed prior to admission. ,SNOMED,"13791008, Asthenia ","https://termbrowser.nhs.uk/?perspective=full&conceptId1=13791008&edition=uk-edition&release=v20230607&server=https://termbrowser.nhs.uk/sct-browser-api/snomed&langRefset=999001261000000100,999000691000001104","C0004093, Asthenia",https://ncimetathesaurus.nci.nih.gov/ncimbrowser/ConceptReport.jsp?dictionary=NCI%20Metathesaurus&code=C0004093,
symptoms_headache,presentation,,Headache,"1, Yes | 2, No | 3, Unknown","An indication whether the patient had/has a headache, specified as pain in various parts of the head, not confined to the area of distribution of any nerve at the specified time.",SIGNS AND SYMPTOMS: Please record if any of these signs and symptoms existed prior to admission. ,SNOMED,"25064002, Headache ","https://termbrowser.nhs.uk/?perspective=full&conceptId1=25064002&edition=uk-edition&release=v20230607&server=https://termbrowser.nhs.uk/sct-browser-api/snomed&langRefset=999001261000000100,999000691000001104","C0018681, Headache",https://ncimetathesaurus.nci.nih.gov/ncimbrowser/ConceptReport.jsp?dictionary=NCI%20Metathesaurus&code=C0018681,
symptoms_seizures,presentation,,Seizures,"1, Yes | 2, No | 3, Unknown","An indication whether the patient had/has seizures or convulsions specified as a sudden, involuntary skeletal muscular contractions of cerebral or brain stem origin at the specified time.",SIGNS AND SYMPTOMS: Please record if any of these signs and symptoms existed prior to admission. ,SNOMED,"230433003, Isolated seizures (disorder)","https://termbrowser.nhs.uk/?perspective=full&conceptId1=230433003&edition=uk-edition&release=v20230607&server=https://termbrowser.nhs.uk/sct-browser-api/snomed&langRefset=999001261000000100,999000691000001104","C2748942, Seizure",https://ncimetathesaurus.nci.nih.gov/ncimbrowser/ConceptReport.jsp?dictionary=NCI%20Metathesaurus&code=C2748942,
symptoms_confusion,presentation,,Altered consciousness/confusion,"1, Yes | 2, No | 3, Unknown","An indication whether the patient had/has altered consciousness/confusion, specified as A level of awareness and arousal other than normal at the specified time.",SIGNS AND SYMPTOMS: Please record if any of these signs and symptoms existed prior to admission. ,SNOMED,"443371007, Decreased level of consciousness","https://termbrowser.nhs.uk/?perspective=full&conceptId1=443371007&edition=uk-edition&release=v20230607&server=https://termbrowser.nhs.uk/sct-browser-api/snomed&langRefset=999001261000000100,999000691000001104","C0150450, Altered level of consciousness",https://ncimetathesaurus.nci.nih.gov/ncimbrowser/ConceptReport.jsp?dictionary=NCI%20Metathesaurus&code=C0150450,
symptoms_myalgia,presentation,,Muscle aches (myalgia),"1, Yes | 2, No | 3, Unknown","An indication whether the patient had/has muscle aches, specified as a painful sensation originating from a muscle or group of muscles at the specified time.",SIGNS AND SYMPTOMS: Please record if any of these signs and symptoms existed prior to admission. ,SNOMED,"68962001, Muscle pain ","https://termbrowser.nhs.uk/?perspective=full&conceptId1=68962001&edition=uk-edition&release=v20230607&server=https://termbrowser.nhs.uk/sct-browser-api/snomed&langRefset=999001261000000100,999000691000001104","C0231528, Myalgia",https://ncimetathesaurus.nci.nih.gov/ncimbrowser/ConceptReport.jsp?dictionary=NCI%20Metathesaurus&code=C0231528,
symptoms_arthralgia,presentation,,Joint pain (arthralgia),"1, Yes | 2, No | 3, Unknown","An indication whether the patient had/has joint pains, specified as a disorder characterized by a sensation of marked discomfort in a joint at the specified time.",SIGNS AND SYMPTOMS: Please record if any of these signs and symptoms existed prior to admission. ,SNOMED,"57676002, Joint pain ","https://termbrowser.nhs.uk/?perspective=full&conceptId1=57676002&edition=uk-edition&release=v20230607&server=https://termbrowser.nhs.uk/sct-browser-api/snomed&langRefset=999001261000000100,999000691000001104","C3805780, Arthralgia",https://ncimetathesaurus.nci.nih.gov/ncimbrowser/ConceptReport.jsp?dictionary=NCI%20Metathesaurus&code=C3805780,
symptoms_inabilitywalk,presentation,,Inability to walk,"1, Yes | 2, No | 3, Unknown","An indication whether the patient had/has an inability to walk, specified as an indicating that an individual is or was unable to walk at the specified time.",SIGNS AND SYMPTOMS: Please record if any of these signs and symptoms existed prior to admission. ,SNOMED,"282145008, Unable to walk","https://termbrowser.nhs.uk/?perspective=full&conceptId1=282145008&edition=uk-edition&release=v20230607&server=https://termbrowser.nhs.uk/sct-browser-api/snomed&langRefset=999001261000000100,999000691000001104","C4228638, Unable to walk",https://ncimetathesaurus.nci.nih.gov/ncimbrowser/ConceptReport.jsp?dictionary=NCI%20Metathesaurus&code=C4228638,
symptoms_abdominalpain,presentation,,Abdominal pain,"1, Yes | 2, No | 3, Unknown","An indication whether the patient had/has abdominal pain, specified as a painful sensation in the abdominal region at the specified time.",SIGNS AND SYMPTOMS: Please record if any of these signs and symptoms existed prior to admission. ,SNOMED,"21522001, Abdominal pain","https://termbrowser.nhs.uk/?perspective=full&conceptId1=21522001&edition=uk-edition&release=v20230607&server=https://termbrowser.nhs.uk/sct-browser-api/snomed&langRefset=999001261000000100,999000691000001104","C3553274, Abdominal pain",https://ncimetathesaurus.nci.nih.gov/ncimbrowser/ConceptReport.jsp?dictionary=NCI%20Metathesaurus&code=C3553274,
symptoms_diarrhoea,presentation,,Diarrhoea,"1, Yes | 2, No | 3, Unknown","An indication whether the patient had/has diarrhoea, specified as abnormally increased frequency of loose or watery bowel movements at the specified time.",SIGNS AND SYMPTOMS: Please record if any of these signs and symptoms existed prior to admission. ,SNOMED,"62315008, Diarrhea","https://termbrowser.nhs.uk/?perspective=full&conceptId1=62315008&edition=uk-edition&release=v20230607&server=https://termbrowser.nhs.uk/sct-browser-api/snomed&langRefset=999001261000000100,999000691000001104","C3554472, Diarrhea",https://ncimetathesaurus.nci.nih.gov/ncimbrowser/ConceptReport.jsp?dictionary=NCI%20Metathesaurus&code=C3554472,
symptoms_nausea,presentation,,Vomiting / Nausea,"1, Yes | 2, No | 3, Unknown",An indication whether the patient had/has nausea and vomiting specified as an expelling the contents of the stomach and the sensations associated with it at the specified time.,SIGNS AND SYMPTOMS: Please record if any of these signs and symptoms existed prior to admission. ,SNOMED,"16932000, Nausea and vomiting","https://termbrowser.nhs.uk/?perspective=full&conceptId1=16932000&edition=uk-edition&release=v20230607&server=https://termbrowser.nhs.uk/sct-browser-api/snomed&langRefset=999001261000000100,999000691000001104","C0027498, Nausea and Vomiting",https://ncimetathesaurus.nci.nih.gov/ncimbrowser/ConceptReport.jsp?dictionary=NCI%20Metathesaurus&code=C0027498,
symptoms_anorexia,presentation,,Anorexia,"1, Yes | 2, No | 3, Unknown",An indication whether the patient had/has loss of appetite at the specified time.,SIGNS AND SYMPTOMS: Please record if any of these signs and symptoms existed prior to admission. ,SNOMED,"79890006, Loss of appetite","https://termbrowser.nhs.uk/?perspective=full&conceptId1=79890006&edition=uk-edition&release=v20230607&server=https://termbrowser.nhs.uk/sct-browser-api/snomed&langRefset=999001261000000100,999000691000001104","C3554473, Anorexia",https://ncimetathesaurus.nci.nih.gov/ncimbrowser/ConceptReport.jsp?dictionary=NCI%20Metathesaurus&code=C3554473,
symptoms_skinrash,presentation,,Skin rash,"1, Yes | 2, No | 3, Unknown","An indication whether the patient had/has skin rash, specified as an eruption in the skin which affects its appearance and/or texture at the specified time.",SIGNS AND SYMPTOMS: Please record if any of these signs and symptoms existed prior to admission. ,SNOMED,"271807003, Eruption of skin","https://termbrowser.nhs.uk/?perspective=full&conceptId1=271807003&edition=uk-edition&release=v20230607&server=https://termbrowser.nhs.uk/sct-browser-api/snomed&langRefset=999001261000000100,999000691000001104","C4227880, Skin rash",https://ncimetathesaurus.nci.nih.gov/ncimbrowser/ConceptReport.jsp?dictionary=NCI%20Metathesaurus&code=C4227880,
symptoms_haemorrhage,presentation,,Bleeding (Haemorrhage),"1, Yes | 2, No | 3, Unknown","An indication whether the patient had/has bleeding, specified as the flow of blood from a ruptured blood vessel at the specified time.",SIGNS AND SYMPTOMS: Please record if any of these signs and symptoms existed prior to admission. ,SNOMED,"131148009, Bleeding","https://termbrowser.nhs.uk/?perspective=full&conceptId1=131148009&edition=uk-edition&release=v20230607&server=https://termbrowser.nhs.uk/sct-browser-api/snomed&langRefset=999001261000000100,999000691000001104","C0019080, Hemorrhage",https://ncimetathesaurus.nci.nih.gov/ncimbrowser/ConceptReport.jsp?dictionary=NCI%20Metathesaurus&code=C0019080,
denguesymptoms_restlessness,presentation,,Restlessness,"1, Yes | 2, No | 3, Unknown","An indication whether the patient had/has restlessness, specified as an inability to rest, relax, or be still at the specified time.",SIGNS AND SYMPTOMS: Please record if any of these signs and symptoms existed prior to admission. ,SNOMED,"162221009, Restlessness ","https://termbrowser.nhs.uk/?perspective=full&conceptId1=162221009&edition=uk-edition&release=v20230607&server=https://termbrowser.nhs.uk/sct-browser-api/snomed&langRefset=999001261000000100,999000691000001104","C3887611, Restlessness",https://ncimetathesaurus.nci.nih.gov/ncimbrowser/ConceptReport.jsp?dictionary=NCI%20Metathesaurus&code=C3887611,[inclusioncriteria_disease(4)] = '1'
denguesymptoms_retroorbitalpain,presentation,,Retro-orbital pain,"1, Yes | 2, No | 3, Unknown","An indication whether the patient had/has retro-orbital, specified as pain behind the eyes at the specified time.",SIGNS AND SYMPTOMS: Please record if any of these signs and symptoms existed prior to admission. ,SNOMED,"33428000, Structure of retroorbital region (body structure) retro-orbital pain does not exist on Snomed","https://termbrowser.nhs.uk/?perspective=full&conceptId1=33428000&edition=uk-edition&release=v20230607&server=https://termbrowser.nhs.uk/sct-browser-api/snomed&langRefset=999001261000000100,999000691000001104","C0743724, retro-orbital pain",https://ncimetathesaurus.nci.nih.gov/ncimbrowser/ConceptReport.jsp?dictionary=NCI%20Metathesaurus&code=C0743724,[inclusioncriteria_disease(4)] = '1'
denguesymptoms_convulsions,presentation,,Convulsions,"1, Yes | 2, No | 3, Unknown","An indication whether the patient had/has convulsions, specified as a sudden, violent, irregular movement of the body, caused by involuntary contraction of muscles and associated especially with brain disorders such as epilepsy, the presence of certain toxins or other agents in the blood, or fever in children at the specified time.",SIGNS AND SYMPTOMS: Please record if any of these signs and symptoms existed prior to admission. ,SNOMED,"394705009, History of febrile convulsions","https://termbrowser.nhs.uk/?perspective=full&conceptId1=394705009&edition=uk-edition&release=v20230607&server=https://termbrowser.nhs.uk/sct-browser-api/snomed&langRefset=999001261000000100,999000691000001104","C0751056, Non-epileptic convulsion",https://ncimetathesaurus.nci.nih.gov/ncimbrowser/ConceptReport.jsp?dictionary=NCI%20Metathesaurus&code=C0751056,[inclusioncriteria_disease(4)] = '1'
denguesymptoms_dizzy,presentation,,Feeling dizzy / faint (presyncope?),"1, Yes | 2, No | 3, Unknown","An indication whether the patient had/has felt faint, specified as the feeling of lightheadedness and dizziness which may precede an episode of syncope at the specified time.",SIGNS AND SYMPTOMS: Please record if any of these signs and symptoms existed prior to admission. ,SNOMED,"248223005, Feeling faint","https://termbrowser.nhs.uk/?perspective=full&conceptId1=248223005&edition=uk-edition&release=v20230607&server=https://termbrowser.nhs.uk/sct-browser-api/snomed&langRefset=999001261000000100,999000691000001104","C0581879, Felt faint",https://ncimetathesaurus.nci.nih.gov/ncimbrowser/ConceptReport.jsp?dictionary=NCI%20Metathesaurus&code=C0581879,[inclusioncriteria_disease(4)] = '1'
medicalhistpedhepatitis_fever,presentation,"<div class=""blue""><b><span style=""font-weight: normal;"">What persistent symptoms did your child have in the last three months?</span></div class=""blue"">",History of fever,"1, Yes | 2, No | 3, Unknown",An indication whether the patient had/has a fever specified as an elevation of body temperature above normal due to inflammatory or immune responses at the specified time.,SIGNS AND SYMPTOMS: Please record if any of these signs and symptoms existed prior to admission. ,SNOMED,"866621000000103, History of fever","https://termbrowser.nhs.uk/?perspective=full&conceptId1=866621000000103&edition=uk-edition&release=v20230607&server=https://termbrowser.nhs.uk/sct-browser-api/snomed&langRefset=999001261000000100,999000691000001104","C0015967, Fever (History of fever only as rheumatoid fever etc)",https://ncimetathesaurus.nci.nih.gov/ncimbrowser/ConceptReport.jsp?dictionary=NCI%20Metathesaurus&code=C0015967,[medicalhistpedhepatitis_persiistentsymptom] = '1'
medicalhistpedhepatitis_diarrhoea,presentation,,Diarrhoea,"1, Yes | 2, No | 3, Unknown","An indication whether the patient had/has diarrhoea, specified as abnormally increased frequency of loose or watery bowel movements at the specified time.",SIGNS AND SYMPTOMS: Please record if any of these signs and symptoms existed prior to admission. ,SNOMED,"62315008, Diarrhea","https://termbrowser.nhs.uk/?perspective=full&conceptId1=62315008&edition=uk-edition&release=v20230607&server=https://termbrowser.nhs.uk/sct-browser-api/snomed&langRefset=999001261000000100,999000691000001104","C3554472, Diarrhea",https://ncimetathesaurus.nci.nih.gov/ncimbrowser/ConceptReport.jsp?dictionary=NCI%20Metathesaurus&code=C3554472,[medicalhistpedhepatitis_persiistentsymptom] = '1'
medicalhistpedhepatitis_weightloss,presentation,,Weight loss,"1, Yes | 2, No | 3, Unknown","An indication whether the patient had/has weight loss, specified as a reduction in total body weight at the specified time.",SIGNS AND SYMPTOMS: Please record if any of these signs and symptoms existed prior to admission. ,SNOMED,"89362005, Weight loss","https://termbrowser.nhs.uk/?perspective=full&conceptId1=89362005&edition=uk-edition&release=v20230607&server=https://termbrowser.nhs.uk/sct-browser-api/snomed&langRefset=999001261000000100,999000691000001104","C1262477, Weight loss",https://ncimetathesaurus.nci.nih.gov/ncimbrowser/ConceptReport.jsp?dictionary=NCI%20Metathesaurus&code=C1262477,[medicalhistpedhepatitis_persiistentsymptom] = '1'
medicalhistpedhepatitis_nausea,presentation,,Vomiting / Nausea,"1, Yes | 2, No | 3, Unknown","An indication whether the patient had/has vomiting or nausea, specified as expelling the contents of the stomach and the sensations associated with it at the specified time.",SIGNS AND SYMPTOMS: Please record if any of these signs and symptoms existed prior to admission. ,SNOMED,"16932000, Nausea and vomiting","https://termbrowser.nhs.uk/?perspective=full&conceptId1=16932000&edition=uk-edition&release=v20230607&server=https://termbrowser.nhs.uk/sct-browser-api/snomed&langRefset=999001261000000100,999000691000001104","C0027498, Nausea and Vomiting",https://ncimetathesaurus.nci.nih.gov/ncimbrowser/ConceptReport.jsp?dictionary=NCI%20Metathesaurus&code=C0027498,[medicalhistpedhepatitis_persiistentsymptom] = '1'
medicalhistpedhepatitis_abdominalpain,presentation,,Abdominal pain,"1, Yes | 2, No | 3, Unknown","An indication whether the patient had/has abdominal pain, specified as a painful sensation in the abdominal region at the specified time.",SIGNS AND SYMPTOMS: Please record if any of these signs and symptoms existed prior to admission. ,SNOMED,"21522001, Abdominal pain","https://termbrowser.nhs.uk/?perspective=full&conceptId1=21522001&edition=uk-edition&release=v20230607&server=https://termbrowser.nhs.uk/sct-browser-api/snomed&langRefset=999001261000000100,999000691000001104","C3553274, Abdominal pain",https://ncimetathesaurus.nci.nih.gov/ncimbrowser/ConceptReport.jsp?dictionary=NCI%20Metathesaurus&code=C3553274,[medicalhistpedhepatitis_persiistentsymptom] = '1'
medicalhistpedhepatitis_tiredness,presentation,,Tiredness,"1, Yes | 2, No | 3, Unknown","An indication whether the patient had/has fatigue, specified as overall tiredness and lack of energy at the specified time.",SIGNS AND SYMPTOMS: Please record if any of these signs and symptoms existed prior to admission. ,SNOMED,"84229001, Fatigue","https://termbrowser.nhs.uk/?perspective=full&conceptId1=84229001&edition=uk-edition&release=v20230607&server=https://termbrowser.nhs.uk/sct-browser-api/snomed&langRefset=999001261000000100,999000691000001104","C0015672, Fatigue",https://ncimetathesaurus.nci.nih.gov/ncimbrowser/ConceptReport.jsp?dictionary=NCI%20Metathesaurus&code=C0015672,[medicalhistpedhepatitis_persiistentsymptom] = '1'
diagnostics_covid,outcome,,SARS-CoV-2 (COVID-19),"1, Clinically assessed positive | 2, Lab positive | 3, Lab negative | 4, Not done","An indication whether the patient had/has SARS-CoV-2 (COVID-19) , specified as a species of BETACORONAVIRUS causing atypical respiratory disease (COVID-19) in humans at the specified time.",SIGNS AND SYMPTOMS: Please record if any of these signs and symptoms existed prior to admission. ,SNOMED,"840533007, Severe acute respiratory syndrome coronavirus 2","https://termbrowser.nhs.uk/?perspective=full&conceptId1=840533007&edition=uk-edition&release=v20230607&server=https://termbrowser.nhs.uk/sct-browser-api/snomed&langRefset=999001261000000100,999000691000001104","CL1378879, SARS Coronavirus 2",https://ncimetathesaurus.nci.nih.gov/ncimbrowser/ConceptReport.jsp?dictionary=NCI%20Metathesaurus&code=CL1378879,
diagnostics_influenza,outcome,,Influenza,"1, Clinically assessed positive | 2, Lab positive | 3, Lab negative | 4, Not done","An indication whether the patient had/has influenza, also called the flu, is a respiratory infection caused by viruses at the specified time.",SIGNS AND SYMPTOMS: Please record if any of these signs and symptoms existed prior to admission. ,SNOMED,"725894000, Influenza virus","https://termbrowser.nhs.uk/?perspective=full&conceptId1=725894000&edition=uk-edition&release=v20230607&server=https://termbrowser.nhs.uk/sct-browser-api/snomed&langRefset=999001261000000100,999000691000001104","C0021400, Influenza",https://ncimetathesaurus.nci.nih.gov/ncimbrowser/ConceptReport.jsp?dictionary=NCI%20Metathesaurus&code=C0021400,
diagnostics_rsv,outcome,,Respiratory Syncytial Virus (RSV),"1, Lab positive | 2, Lab negative | 3, Not done","An indication whether the patient had/has Respiratory Syncytial Virus (RSV), specified as a virus that causes respiratory infections with cold-like symptoms at the specified time.",SIGNS AND SYMPTOMS: Please record if any of these signs and symptoms existed prior to admission. ,SNOMED,"6415009, Human respiratory syncytial virus","https://termbrowser.nhs.uk/?perspective=full&conceptId1=6415009&edition=uk-edition&release=v20230607&server=https://termbrowser.nhs.uk/sct-browser-api/snomed&langRefset=999001261000000100,999000691000001104","C0206545, Human Respiratory Syncytial Virus",https://ncimetathesaurus.nci.nih.gov/ncimbrowser/ConceptReport.jsp?dictionary=NCI%20Metathesaurus&code=C0206545,
diagnostics_adenovirus,outcome,,Adenovirus,"1, Lab positive | 2, Lab negative | 3, Not done","An indication whether the patient had/has Adenovirus, specified as a member of a family of viruses that can cause infections in the respiratory tract, eye, and gastrointestinal tract at the specified time.",SIGNS AND SYMPTOMS: Please record if any of these signs and symptoms existed prior to admission. ,SNOMED,"424470006, Family Adenoviridae","https://termbrowser.nhs.uk/?perspective=full&conceptId1=424470006&edition=uk-edition&release=v20230607&server=https://termbrowser.nhs.uk/sct-browser-api/snomed&langRefset=999001261000000100,999000691000001104","C0001483, Adenoviridae",https://ncimetathesaurus.nci.nih.gov/ncimbrowser/ConceptReport.jsp?dictionary=NCI%20Metathesaurus&code=C0001483,
diagnostics_mpox,outcome,,Monkeypox virus (mpox),"1, Lab positive | 2, Lab negative | 3, Not done","An indication whether the patient had/has mpox, specified as an infection that is caused by an Orthopoxvirus, which is transmitted by primates or rodents, and which is characterized by a prodromal syndrome of fever, chills, headache, myalgia, and lymphedema; initial symptoms are followed by a generalized papular rash that typically progresses from vesiculation through crusting over the course of two weeks at the specified time.",SIGNS AND SYMPTOMS: Please record if any of these signs and symptoms existed prior to admission. ,SNOMED,"359814004, Monkeypox","https://termbrowser.nhs.uk/?perspective=full&conceptId1=359814004&edition=uk-edition&release=v20230607&server=https://termbrowser.nhs.uk/sct-browser-api/snomed&langRefset=999001261000000100,999000691000001104","C0276180, Monkeypox",https://ncimetathesaurus.nci.nih.gov/ncimbrowser/ConceptReport.jsp?dictionary=NCI%20Metathesaurus&code=C0276180,
diagnostics_hepatitis,outcome,,Hepatitis viruses,"1, Lab positive | 2, Lab negative | 3, Not done","An indication whether the patient had/has hepatitis viruses, specified as a non-taxonomic classification of unrelated viruses that cause liver inflammation and dysfunction at the specified time.",SIGNS AND SYMPTOMS: Please record if any of these signs and symptoms existed prior to admission. ,SNOMED,"128241005, Inflammatory disease of liver (Only hepatitis on Snomed; all viruses are singled out, Hep A, Heb B etc)","https://termbrowser.nhs.uk/?perspective=full&conceptId1=128241005&edition=uk-edition&release=v20230607&server=https://termbrowser.nhs.uk/sct-browser-api/snomed&langRefset=999001261000000100,999000691000001104","C0019186, Hepatitis Virus",https://ncimetathesaurus.nci.nih.gov/ncimbrowser/ConceptReport.jsp?dictionary=NCI%20Metathesaurus&code=C0019186,
diagnostics_dengue,outcome,,Dengue infection,"1, Tested | 0, Not done","An indication whether the patient had/has Dengue infection, specified as an infection that is caused by the dengue virus, which is transmitted to humans by mosquitoes, and which is characterized by sudden onset of fever, headache, rash, arthralgia, and myalgia at the specified time.",SIGNS AND SYMPTOMS: Please record if any of these signs and symptoms existed prior to admission. ,SNOMED,"38362002, Dengue","https://termbrowser.nhs.uk/?perspective=full&conceptId1=38362002&edition=uk-edition&release=v20230607&server=https://termbrowser.nhs.uk/sct-browser-api/snomed&langRefset=999001261000000100,999000691000001104","C0011311, Dengue Fever",https://ncimetathesaurus.nci.nih.gov/ncimbrowser/ConceptReport.jsp?dictionary=NCI%20Metathesaurus&code=C0011311,
complications_viralpneumonia,outcome,COMPLICATIONS: At any time during hospitalisation did the patient experience,Viral pneumonia/pneumonitis,"1, Yes | 0, No","An indication whether the patient had/has viral pneumonia/pneumonitis, specified as inflammation of the lung parenchyma that is caused by a viral infection at the specified time.",SIGNS AND SYMPTOMS: Please record if any of these signs and symptoms existed prior to admission. ,SNOMED,"75570004, Viral pneumonia","https://termbrowser.nhs.uk/?perspective=full&conceptId1=75570004&edition=uk-edition&release=v20230607&server=https://termbrowser.nhs.uk/sct-browser-api/snomed&langRefset=999001261000000100,999000691000001104","C0032310, Viral pneumonia",https://ncimetathesaurus.nci.nih.gov/ncimbrowser/ConceptReport.jsp?dictionary=NCI%20Metathesaurus&code=C0032310,
complications_bacterialpneumonia,outcome,,Bacterial pneumonia,"1, Yes | 0, No","An indication whether the patient had/has bacterial pneumonia, specified as an acute infection of the lung parenchyma caused by bacteria (e.g., Streptococcus pneumoniae, Haemophilus influenzae, Chlamydia pneumoniae, Mycoplasma pneumoniae, and Legionella pneumophila) at the specified time.",SIGNS AND SYMPTOMS: Please record if any of these signs and symptoms existed prior to admission. ,SNOMED,"53084003, Bacterial pneumonia","https://termbrowser.nhs.uk/?perspective=full&conceptId1=53084003&edition=uk-edition&release=v20230607&server=https://termbrowser.nhs.uk/sct-browser-api/snomed&langRefset=999001261000000100,999000691000001104","C0004626, Bacterial Pneumonia",https://ncimetathesaurus.nci.nih.gov/ncimbrowser/ConceptReport.jsp?dictionary=NCI%20Metathesaurus&code=C0004626,
complications_acuterespiratorydistr,outcome,,Acute Respiratory Distress Syndrome,"1, Yes | 0, No","An indication whether the patient had/has acute respiratory distress specified as an abrupt onset of signs or symptoms indicating difficulty breathing including alterations in breath sounds and rate, chest retractions and color changes at the specified time.",COMPLICATIONS: Please record if any of these complications existed prior to admission. ,SNOMED,"67782005, Acute respiratory distress syndrome","https://termbrowser.nhs.uk/?perspective=full&conceptId1=67782005&edition=uk-edition&release=v20230607&server=https://termbrowser.nhs.uk/sct-browser-api/snomed&langRefset=999001261000000100,999000691000001104","C1848829, Acute Respiratory Distress",https://ncimetathesaurus.nci.nih.gov/ncimbrowser/ConceptReport.jsp?dictionary=NCI%20Metathesaurus&code=C1848829,
complications_pneumothorax,outcome,,Pneumothorax,"1, Yes | 0, No","An indication whether the patient had/has a pneumothorax, specified as an abnormal presence of air in the pleural cavity at the specified time.",COMPLICATIONS: Please record if any of these complications existed prior to admission. ,SNOMED,"36118008, Pneumothorax","https://termbrowser.nhs.uk/?perspective=full&conceptId1=36118008&edition=uk-edition&release=v20230607&server=https://termbrowser.nhs.uk/sct-browser-api/snomed&langRefset=999001261000000100,999000691000001104","C3553768, Pneumothorax",https://ncimetathesaurus.nci.nih.gov/ncimbrowser/ConceptReport.jsp?dictionary=NCI%20Metathesaurus&code=C3553768,
complications_pleuraleffusion,outcome,,Pleural effusion,"1, Yes | 0, No","An indication whether the patient had/has pleural effusion, specified as increased amounts of fluid within the pleural cavity with symptoms include shortness of breath, cough, and chest pain at the specified time.",COMPLICATIONS: Please record if any of these complications existed prior to admission. ,SNOMED,"60046008, Pleural effusion","https://termbrowser.nhs.uk/?perspective=full&conceptId1=60046008&edition=uk-edition&release=v20230607&server=https://termbrowser.nhs.uk/sct-browser-api/snomed&langRefset=999001261000000100,999000691000001104","C0032227, Pleural effusion",https://ncimetathesaurus.nci.nih.gov/ncimbrowser/ConceptReport.jsp?dictionary=NCI%20Metathesaurus&code=C0032227,
complications_copneumonia,outcome,,Cryptogenic organizing pneumonia (COP),"1, Yes | 0, No","An indication whether the patient had/has an cryptogenic Organising Pneumonia (COP), specified as a rapidly developing inflammatory lung disease characterized by flu-like symptoms including cough, fever, malaise, fatigue and weight loss at the specified time.",COMPLICATIONS: Please record if any of these complications existed prior to admission. ,SNOMED,"719218000, Cryptogenic organizing pneumonia","https://termbrowser.nhs.uk/?perspective=full&conceptId1=719218000&edition=uk-edition&release=v20230607&server=https://termbrowser.nhs.uk/sct-browser-api/snomed&langRefset=999001261000000100,999000691000001104","C0242770, Cryptogenic Organizing Pneumonia",https://ncimetathesaurus.nci.nih.gov/ncimbrowser/ConceptReport.jsp?dictionary=NCI%20Metathesaurus&code=C0242770,
complications_bronchiolitis,outcome,,Bronchiolitis,"1, Yes | 0, No","An indication whether the patient had/has bronchiolitis, specified as inflammation of the bronchioles characterized by swelling of the bronchioles and mucus accumulation at the specified time.",COMPLICATIONS: Please record if any of these complications existed prior to admission. ,SNOMED,"4120002, Bronchiolitis","https://termbrowser.nhs.uk/?perspective=full&conceptId1=4120002&edition=uk-edition&release=v20230607&server=https://termbrowser.nhs.uk/sct-browser-api/snomed&langRefset=999001261000000100,999000691000001104","C0006271, Bronchiolitis",https://ncimetathesaurus.nci.nih.gov/ncimbrowser/ConceptReport.jsp?dictionary=NCI%20Metathesaurus&code=C0006271,
complications_cardiacarrest,outcome,,Cardiac arrest,"1, Yes | 0, No","An indication whether the patient had/has a cardiac arrest, specified as a sudden cessation (lack off) of cardiac activity in an individual who becomes unresponsive, without normal breathing and no signs of circulation at the specified time.",COMPLICATIONS: Please record if any of these complications existed prior to admission. ,SNOMED,"410429000, Cardiac arrest","https://termbrowser.nhs.uk/?perspective=full&conceptId1=410429000&edition=uk-edition&release=v20230607&server=https://termbrowser.nhs.uk/sct-browser-api/snomed&langRefset=999001261000000100,999000691000001104","C4015675, Cardiac arrest",https://ncimetathesaurus.nci.nih.gov/ncimbrowser/ConceptReport.jsp?dictionary=NCI%20Metathesaurus&code=C4015675,
complications_myocardialinfarction,outcome,,Myocardial infarction,"1, Yes | 0, No","An indication whether the patient had/has myocardial infarction, specified as a gross necrosis of the myocardium, as a result of interruption of the blood supply to the area, as in coronary thrombosis at the specified time.",COMPLICATIONS: Please record if any of these complications existed prior to admission. ,SNOMED,"22298006, Myocardial infarction","https://termbrowser.nhs.uk/?perspective=full&conceptId1=22298006&edition=uk-edition&release=v20230607&server=https://termbrowser.nhs.uk/sct-browser-api/snomed&langRefset=999001261000000100,999000691000001104","C3280935, Myocardial infarction",https://ncimetathesaurus.nci.nih.gov/ncimbrowser/ConceptReport.jsp?dictionary=NCI%20Metathesaurus&code=C3280935,
complications_cardiacischaemia,outcome,,Cardiac ischaemia,"1, Yes | 0, No","An indication whether the patient had/has cardiac ischaemia, specified as a disorder of cardiac function caused by insufficient blood flow to the muscle tissue of the heart at the specified time.",COMPLICATIONS: Please record if any of these complications existed prior to admission. ,SNOMED,"414545008, Ischemic heart disease","https://termbrowser.nhs.uk/?perspective=full&conceptId1=414545008&edition=uk-edition&release=v20230607&server=https://termbrowser.nhs.uk/sct-browser-api/snomed&langRefset=999001261000000100,999000691000001104","C0151744, Ischemic Heart Disease",https://ncimetathesaurus.nci.nih.gov/ncimbrowser/ConceptReport.jsp?dictionary=NCI%20Metathesaurus&code=C0151744,
complications_cardiacarrhythmia,outcome,,Cardiac arrhythmia,"1, Yes | 0, No","An indication whether the patient had/has cardiac arrhythmia, specified as an abnormal heart rhythm at the specified time.",COMPLICATIONS: Please record if any of these complications existed prior to admission. ,SNOMED,"698247007, Cardiac arrhythmia","https://termbrowser.nhs.uk/?perspective=full&conceptId1=698247007&edition=uk-edition&release=v20230607&server=https://termbrowser.nhs.uk/sct-browser-api/snomed&langRefset=999001261000000100,999000691000001104","C3494593, History of cardiac arrhythmia",https://ncimetathesaurus.nci.nih.gov/ncimbrowser/ConceptReport.jsp?dictionary=NCI%20Metathesaurus&code=C3494593,
complications_myocarditis,outcome,,Myocarditis / Pericarditis,"1, Yes | 0, No","An indication whether the patient had/has myocarditis, specified as inflammation of the muscle tissue of the heart and/or pericarditis, specified as inflammation of the sac-like covering around the heart (pericardium) at the specified time.",COMPLICATIONS: Please record if any of these complications existed prior to admission. ,SNOMED,"50920009, Myocarditis;     3238004, Pericarditis","https://termbrowser.nhs.uk/?perspective=full&conceptId1=50920009&edition=uk-edition&release=v20230607&server=https://termbrowser.nhs.uk/sct-browser-api/snomed&langRefset=999001261000000100,999000691000001104","C0027059, Myocarditis; C4230735, Pericarditis",https://ncimetathesaurus.nci.nih.gov/ncimbrowser/ConceptReport.jsp?dictionary=NCI%20Metathesaurus&code=C0027059;                https://ncimetathesaurus.nci.nih.gov/ncimbrowser/ConceptReport.jsp?dictionary=NCI%20Metathesaurus&code=C4230735,
complications_endocarditis,outcome,,Endocarditis,"1, Yes | 0, No","An indication whether the patient had/has endocarditis, specified as an inflammation of the endocardium, the inner layer of the heart, which usually involves the heart valves at the specified time.",COMPLICATIONS: Please record if any of these complications existed prior to admission. ,SNOMED,"56819008, Endocarditis","https://termbrowser.nhs.uk/?perspective=full&conceptId1=56819008&edition=uk-edition&release=v20230607&server=https://termbrowser.nhs.uk/sct-browser-api/snomed&langRefset=999001261000000100,999000691000001104","C0014118, Endocarditis",https://ncimetathesaurus.nci.nih.gov/ncimbrowser/ConceptReport.jsp?dictionary=NCI%20Metathesaurus&code=C0014118,
complications_cardiomyopathy,outcome,,Cardiomyopathy,"1, Yes | 0, No","An indication whether the patient had/has cardiomyopathy, specified as a disease of the heart muscle or myocardium proper at the specified time.",COMPLICATIONS: Please record if any of these complications existed prior to admission. ,SNOMED,"85898001, Cardiomyopathy","https://termbrowser.nhs.uk/?perspective=full&conceptId1=85898001&edition=uk-edition&release=v20230607&server=https://termbrowser.nhs.uk/sct-browser-api/snomed&langRefset=999001261000000100,999000691000001104","C3809229, Cardiomyopathy",https://ncimetathesaurus.nci.nih.gov/ncimbrowser/ConceptReport.jsp?dictionary=NCI%20Metathesaurus&code=C3809229,
complications_congestiveheartfailure,outcome,,Congestive heart failure,"1, Yes | 0, No","An indication whether the patient had/has congestive heart failure, specified as failure of the heart to pump a sufficient amount of blood to meet the needs of the body tissues, resulting in tissue congestion and edema at the specified time.",COMPLICATIONS: Please record if any of these complications existed prior to admission. ,SNOMED,"42343007, Congestive heart failure","https://termbrowser.nhs.uk/?perspective=full&conceptId1=42343007&edition=uk-edition&release=v20230607&server=https://termbrowser.nhs.uk/sct-browser-api/snomed&langRefset=999001261000000100,999000691000001104","C3551869, Congestive Heart Failure",https://ncimetathesaurus.nci.nih.gov/ncimbrowser/ConceptReport.jsp?dictionary=NCI%20Metathesaurus&code=C3551869,
complications_strokecva,outcome,,Stroke / Cerebrovascular accident,"1, Yes | 0, No","An indication whether the patient had/has a stroke or cerebrovascular accident, specified as a sudden loss of neurological function secondary to hemorrhage or ischemia in the brain parenchyma due to a vascular event  at the specified time.",COMPLICATIONS: Please record if any of these complications existed prior to admission. ,SNOMED,"230690007, Cerebrovascular accident","https://termbrowser.nhs.uk/?perspective=full&conceptId1=230690007&edition=uk-edition&release=v20230607&server=https://termbrowser.nhs.uk/sct-browser-api/snomed&langRefset=999001261000000100,999000691000001104","C3554760, Stroke",https://ncimetathesaurus.nci.nih.gov/ncimbrowser/ConceptReport.jsp?dictionary=NCI%20Metathesaurus&code=C3554760,
complications_severeneurologic,outcome,,Severe neurological disease,"1, Yes | 0, No","An indication whether the patient had/has severe neurological disease , the most common are specified as Alzheimer's, Parkinson's disease, epilepsy, migraines, multiple sclerosis, and stroke at the specified time.",COMPLICATIONS: Please record if any of these complications existed prior to admission. ,SNOMED,"407624006, Suspected neurological disease","https://termbrowser.nhs.uk/?perspective=full&conceptId1=407624006&edition=uk-edition&release=v20230607&server=https://termbrowser.nhs.uk/sct-browser-api/snomed&langRefset=999001261000000100,999000691000001104","CL930184, Other severe neurological injury, disease, or dysfunction",https://ncimetathesaurus.nci.nih.gov/ncimbrowser/ConceptReport.jsp?dictionary=NCI%20Metathesaurus&code=CL930184,
complications_focalneurological,outcome,,Focal neurological signs,"1, Yes | 0, No","An indication whether the patient had/has focal neurological signs, specified as impairments of nerve, spinal cord, or brain function that affect a specific region of the body, e.g. weakness in the left arm, the right leg, paresis, or plegia, identified in neurological examination, at the specified time.",COMPLICATIONS: Please record if any of these complications existed prior to admission. ,SNOMED,"264552009, Neurological deficit","https://termbrowser.nhs.uk/?perspective=full&conceptId1=264552009&edition=uk-edition&release=v20230607&server=https://termbrowser.nhs.uk/sct-browser-api/snomed&langRefset=999001261000000100,999000691000001104","C3829085, MHIS-NACC - Focal Neurological Signs",https://ncimetathesaurus.nci.nih.gov/ncimbrowser/ConceptReport.jsp?dictionary=NCI%20Metathesaurus&code=C3829085,
complications_severebleeding,outcome,,Severe bleeding (requiring intervention),"1, Yes | 0, No",An indication whether the patient had/has severe bleeding specified as either intracranial haemorrhage or bleeding resulting in haemodynamic compromise necessitating intervention at the specified time.,COMPLICATIONS: Please record if any of these complications existed prior to admission. ,SNOMED,"8573003, Acute hemorrhage","https://termbrowser.nhs.uk/?perspective=full&conceptId1=8573003&edition=uk-edition&release=v20230607&server=https://termbrowser.nhs.uk/sct-browser-api/snomed&langRefset=999001261000000100,999000691000001104","CL1379584, Severe bleeding-GUSTO classification",https://ncimetathesaurus.nci.nih.gov/ncimbrowser/ConceptReport.jsp?dictionary=NCI%20Metathesaurus&code=CL1379584,
complications_seizure,outcome,,Seizure,"1, Yes | 0, No","An indication whether the patient had/has seizures specified as a sudden, involuntary skeletal muscular contractions of cerebral or brain stem origin at the specified time.",COMPLICATIONS: Please record if any of these complications existed prior to admission. ,SNOMED,"230433003, Isolated seizures (disorder)","https://termbrowser.nhs.uk/?perspective=full&conceptId1=230433003&edition=uk-edition&release=v20230607&server=https://termbrowser.nhs.uk/sct-browser-api/snomed&langRefset=999001261000000100,999000691000001104","C2748942, Seizure",https://ncimetathesaurus.nci.nih.gov/ncimbrowser/ConceptReport.jsp?dictionary=NCI%20Metathesaurus&code=C2748942,
complications_meningitis,outcome,,Meningitis / Encephalitis,"1, Yes | 0, No",An indication whether the patient had/has meningitis specified as inflammation of the membranes surrounding the brain and spinal cord and/or encephalitis specified as inflammation of the brain at the specified time.,COMPLICATIONS: Please record if any of these complications existed prior to admission. ,SNOMED,"7180009, Meningitis, 45170000, Encephalitis","https://termbrowser.nhs.uk/?perspective=full&conceptId1=7180009&edition=uk-edition&release=v20230607&server=https://termbrowser.nhs.uk/sct-browser-api/snomed&langRefset=999001261000000100,999000691000001104","C0025289, Meningitis, C0014038 , Encephalitis",https://ncimetathesaurus.nci.nih.gov/ncimbrowser/ConceptReport.jsp?dictionary=NCI%20Metathesaurus&code=C0025289;        https://ncimetathesaurus.nci.nih.gov/ncimbrowser/ConceptReport.jsp?dictionary=NCI%20Metathesaurus&code=C0014038,
complications_shock,outcome,,Shock ,"1, Yes | 0, No","An indication whether the patient had/has shock, specified as a profoundly reduced blood flow that results in impaired tissue perfusion and possible end organ damage at the specified time.",COMPLICATIONS: Please record if any of these complications existed prior to admission. ,SNOMED,"27942005, Shock","https://termbrowser.nhs.uk/?perspective=full&conceptId1=27942005&edition=uk-edition&release=v20230607&server=https://termbrowser.nhs.uk/sct-browser-api/snomed&langRefset=999001261000000100,999000691000001104","C0036974, Shock",https://ncimetathesaurus.nci.nih.gov/ncimbrowser/ConceptReport.jsp?dictionary=NCI%20Metathesaurus&code=C0036974,
complications_bacteraemia,outcome,,Bacteraemia,"1, Yes | 0, No","An indication whether the patient had/has bacteraemia, specified as the presence of bacteria in the blood at the specified time.",COMPLICATIONS: Please record if any of these complications existed prior to admission. ,SNOMED,"5758002, Bacteremia","https://termbrowser.nhs.uk/?perspective=full&conceptId1=5758002&edition=uk-edition&release=v20230607&server=https://termbrowser.nhs.uk/sct-browser-api/snomed&langRefset=999001261000000100,999000691000001104","C0004610, Bacteremia",https://ncimetathesaurus.nci.nih.gov/ncimbrowser/ConceptReport.jsp?dictionary=NCI%20Metathesaurus&code=C0004610,
complications_sepsis,outcome,,Sepsis,"1, Yes | 0, No",An indication whether the patient had/has sepsis specified as a life-threatening reaction to an infection at the specified time.,COMPLICATIONS: Please record if any of these complications existed prior to admission. ,SNOMED,"91302008, Sepsis","https://termbrowser.nhs.uk/?perspective=full&conceptId1=91302008&edition=uk-edition&release=v20230607&server=https://termbrowser.nhs.uk/sct-browser-api/snomed&langRefset=999001261000000100,999000691000001104","C0243026, Sepsis",https://ncimetathesaurus.nci.nih.gov/ncimbrowser/ConceptReport.jsp?dictionary=NCI%20Metathesaurus&code=C0243026,
complications_coagulationdisorder,outcome,,Coagulation disorder / DIC,"1, Yes | 0, No","An indication whether the patient had/has a coagulation disorder specified as a condition of abnormal blood clotting or bleeding and/or has/had a disseminated Intravascular coagulation specified as a pathological process where the blood starts to coagulate throughout the whole body, which then depletes the body of its platelets and coagulation factors, and there is an increased risk of hemorrhage  at the specified time.",COMPLICATIONS: Please record if any of these complications existed prior to admission. ,SNOMED,"64779008, Blood coagulation disorder,                           67406007, Disseminated intravascular coagulation","https://termbrowser.nhs.uk/?perspective=full&conceptId1=64779008&edition=uk-edition&release=v20230607&server=https://termbrowser.nhs.uk/sct-browser-api/snomed&langRefset=999001261000000100,999000691000001104","C4229995, coagulation disorder, C0012739 ,Disseminated Intravascular Coagulation",https://ncimetathesaurus.nci.nih.gov/ncimbrowser/ConceptReport.jsp?dictionary=NCI%20Metathesaurus&code=C4229995;       https://ncimetathesaurus.nci.nih.gov/ncimbrowser/ConceptReport.jsp?dictionary=NCI%20Metathesaurus&code=C0012739,
complications_pulmonaryembolism,outcome,,Pulmonary Embolism (PE),"1, Yes | 0, No","An indication whether the patient had/has pulmonary embolism (PE), specified as an obstruction of the pulmonary artery or one of its branches by an embolus, sometimes associated with infarction of the lung at the specified time.",COMPLICATIONS: Please record if any of these complications existed prior to admission. ,SNOMED,"59282003, Pulmonary embolism","https://termbrowser.nhs.uk/?perspective=full&conceptId1=59282003&edition=uk-edition&release=v20230607&server=https://termbrowser.nhs.uk/sct-browser-api/snomed&langRefset=999001261000000100,999000691000001104","C3552763, Pulmonary Embolism",https://ncimetathesaurus.nci.nih.gov/ncimbrowser/ConceptReport.jsp?dictionary=NCI%20Metathesaurus&code=C3552763,
complications_deepveinthrombosis,outcome,,Deep Vein Thrombosis (DVT),"1, Yes | 0, No","An indication whether the patient had/has Deep Vein Thrombosis, specified as a blood clot in a deep vein, predominantly in the lower extremity, but may include the pelvis or upper extremity at the specified time.",COMPLICATIONS: Please record if any of these complications existed prior to admission. ,SNOMED,"128053003, Deep venous thrombosis","https://termbrowser.nhs.uk/?perspective=full&conceptId1=128053003&edition=uk-edition&release=v20230607&server=https://termbrowser.nhs.uk/sct-browser-api/snomed&langRefset=999001261000000100,999000691000001104","C0149871, Deep Vein Thrombosis",https://ncimetathesaurus.nci.nih.gov/ncimbrowser/ConceptReport.jsp?dictionary=NCI%20Metathesaurus&code=C0149871,
complications_anaemia,outcome,,Anaemia,"1, Yes | 0, No","An indication whether the patient had/has anaemia, specified as a reduction in the number of red blood cells, the amount of hemoglobin, and/or the volume of packed red blood cells at the specified time.",COMPLICATIONS: Please record if any of these complications existed prior to admission. ,SNOMED,"271737000, Anemia","https://termbrowser.nhs.uk/?perspective=full&conceptId1=271737000&edition=uk-edition&release=v20230607&server=https://termbrowser.nhs.uk/sct-browser-api/snomed&langRefset=999001261000000100,999000691000001104","C4229468, Anemia",https://ncimetathesaurus.nci.nih.gov/ncimbrowser/ConceptReport.jsp?dictionary=NCI%20Metathesaurus&code=C4229468,
complications_rhabdomyolysis,outcome,,Rhabdomyolysis / Myositis To split? Two different diseases,"1, Yes | 0, No","An indication whether the patient had/has Rhabdomyolysis, specified as a clinical syndrome resulting from direct or indirect muscle injury and subsequent release of myoglobin into the plasma or Myositis, specified as an an inflammatory process affecting the skeletal muscles at the specified time.",COMPLICATIONS: Please record if any of these complications existed prior to admission. ,SNOMED,"240131006, Rhabdomyolysis, 26889001, Myositis","https://termbrowser.nhs.uk/?perspective=full&conceptId1=240131006&edition=uk-edition&release=v20230607&server=https://termbrowser.nhs.uk/sct-browser-api/snomed&langRefset=999001261000000100,999000691000001104,                        https://termbrowser.nhs.uk/?perspective=full&conceptId1=26889001&edition=uk-edition&release=v20230607&server=https://termbrowser.nhs.uk/sct-browser-api/snomed&langRefset=999001261000000100,999000691000001104","C4014084, Rhabdomyolysis, C4014723 Myositis","https://ncimetathesaurus.nci.nih.gov/ncimbrowser/ConceptReport.jsp?dictionary=NCI%20Metathesaurus&code=C4014084                              ,https://ncimetathesaurus.nci.nih.gov/ncimbrowser/ConceptReport.jsp?dictionary=NCI%20Metathesaurus&code=C4014723                  ",
complications_severeliverdisease,outcome,,Severe liver disease,"1, Yes | 0, No","An indication whether the patient had/has severe liver disease, specified as cirrhosis and portal hypertension with variceal bleeding, ascites, chronic jaundice, or status post liver transplantation at the specified time.",COMPLICATIONS: Please record if any of these complications existed prior to admission. ,SNOMED,"235856003, Disorder of liver","https://termbrowser.nhs.uk/?perspective=full&conceptId1=235856003&edition=uk-edition&release=v20230607&server=https://termbrowser.nhs.uk/sct-browser-api/snomed&langRefset=999001261000000100,999000691000001104","CL1793619, Severe liver disease",https://ncimetathesaurus.nci.nih.gov/ncimbrowser/ConceptReport.jsp?dictionary=NCI%20Metathesaurus&code=CL1793619,
complications_severeliverdiseasetype,outcome,,Severe liver disease type,"1, Acute hepatitis | 2, Jaundice | 3, Hepatic encephalopathy (any grade)",An indication whether the patient had/has  at the specified time.,COMPLICATIONS: Please record if any of these complications existed prior to admission. ,SNOMED,SEE ROW 8!!,,SEE ROW 8!!,,[complications_severeliverdisease] = '1'
complications_acutehepatitis,outcome,,Acute hepatitis,"1, Yes | 0, No","An indication whether the patient had/has acute hepatitis, specified as acute inflammation of the liver at the specified time.",COMPLICATIONS: Please record if any of these complications existed prior to admission. ,SNOMED,"37871000, Acute hepatitis","https://termbrowser.nhs.uk/?perspective=full&conceptId1=37871000&edition=uk-edition&release=v20230607&server=https://termbrowser.nhs.uk/sct-browser-api/snomed&langRefset=999001261000000100,999000691000001104","C0267797, Acute Hepatitis",https://ncimetathesaurus.nci.nih.gov/ncimbrowser/ConceptReport.jsp?dictionary=NCI%20Metathesaurus&code=C0267797,[complications_severeliverdisease] = '1'
complications_jaundice,outcome,,Jaundice,"1, Yes | 0, No","An indication whether the patient had/has jaundice, specified as yellowish pigmentation of the skin, mucous membranes, and the eyes at the specified time.",COMPLICATIONS: Please record if any of these complications existed prior to admission. ,SNOMED,"18165001, Jaundice","https://termbrowser.nhs.uk/?perspective=full&conceptId1=18165001&edition=uk-edition&release=v20230607&server=https://termbrowser.nhs.uk/sct-browser-api/snomed&langRefset=999001261000000100,999000691000001104","C3549846, Jaundice",https://ncimetathesaurus.nci.nih.gov/ncimbrowser/ConceptReport.jsp?dictionary=NCI%20Metathesaurus&code=C3549846,[complications_severeliverdisease] = '1'
complications_hepaticencephal,outcome,,Hepatic encephalopathy (any grade),"1, Yes | 0, No","An indication whether the patient had/has hepatic encephalopathy, specified as a constellation of signs and symptoms characterized by changes in personality, consciousness, and reflexes, resulting from neuropsychiatric abnormalities secondary to liver failure without evidence of other brain disease at the specified time.",COMPLICATIONS: Please record if any of these complications existed prior to admission. ,SNOMED,"13920009, Hepatic encephalopathy","https://termbrowser.nhs.uk/?perspective=full&conceptId1=13920009&edition=uk-edition&release=v20230607&server=https://termbrowser.nhs.uk/sct-browser-api/snomed&langRefset=999001261000000100,999000691000001104","C0019151, hepatic encephalopathy",https://ncimetathesaurus.nci.nih.gov/ncimbrowser/ConceptReport.jsp?dictionary=NCI%20Metathesaurus&code=C0019151,[complications_severeliverdisease] = '1'
complications_ascites,outcome,,Ascites,"1, Yes | 0, No","An indication whether the patient had/has ascites, specified as an accumulation of fluid in the peritoneal cavity at the specified time.",COMPLICATIONS: Please record if any of these complications existed prior to admission. ,SNOMED,"389026000, Ascites","https://termbrowser.nhs.uk/?perspective=full&conceptId1=389026000&edition=uk-edition&release=v20230607&server=https://termbrowser.nhs.uk/sct-browser-api/snomed&langRefset=999001261000000100,999000691000001104","C3554541, Ascites",https://ncimetathesaurus.nci.nih.gov/ncimbrowser/ConceptReport.jsp?dictionary=NCI%20Metathesaurus&code=C3554541,
complications_pancreatitis,outcome,,Pancreatitis,"1, Yes | 0, No","An indication whether the patient had/has pancreatitis, specified as an inflammation of the pancreas at the specified time.",COMPLICATIONS: Please record if any of these complications existed prior to admission. ,SNOMED,"75694006, Pancreatitis","https://termbrowser.nhs.uk/?perspective=full&conceptId1=75694006&edition=uk-edition&release=v20230607&server=https://termbrowser.nhs.uk/sct-browser-api/snomed&langRefset=999001261000000100,999000691000001104","C4011703, Pancreatitis",https://ncimetathesaurus.nci.nih.gov/ncimbrowser/ConceptReport.jsp?dictionary=NCI%20Metathesaurus&code=C4011703,
complications_acuterenalinjury,outcome,,Acute renal injury / Acute renal failure,"1, Yes | 0, No","An indication whether the patient had/has an acute renal injury specified as an abrupt reduction in kidney function or had/has acute renal failure specified as a sudden and sustained deterioration of the kidney function characterized by decreased glomerular filtration rate, increased serum creatinine or oliguria at the specified time.",COMPLICATIONS: Please record if any of these complications existed prior to admission. ,SNOMED,"40095003, Injury of kidney,                      14669001, Acute renal failure syndrome","https://termbrowser.nhs.uk/?perspective=full&conceptId1=40095003&edition=uk-edition&release=v20230607&server=https://termbrowser.nhs.uk/sct-browser-api/snomed&langRefset=999001261000000100,999000691000001104;              https://termbrowser.nhs.uk/?perspective=full&conceptId1=14669001&edition=uk-edition&release=v20230607&server=https://termbrowser.nhs.uk/sct-browser-api/snomed&langRefset=999001261000000100,999000691000001104","C2609414, Acute kidney injury, C0022660, Acute renal failure","https://ncimetathesaurus.nci.nih.gov/ncimbrowser/ConceptReport.jsp?dictionary=NCI%20Metathesaurus&code=C2609414,    https://ncimetathesaurus.nci.nih.gov/ncimbrowser/ConceptReport.jsp?dictionary=NCI%20Metathesaurus&code=C0022660",
complications_hyperglycemia,outcome,,Hyperglycemia,"1, Yes | 0, No","An indication whether the patient had/has hyperglycemia, specified as an abnormally high level of glucose in the blood at the specified time.",COMPLICATIONS: Please record if any of these complications existed prior to admission. ,SNOMED,"80394007, Hyperglycemia","https://termbrowser.nhs.uk/?perspective=full&conceptId1=80394007&edition=uk-edition&release=v20230607&server=https://termbrowser.nhs.uk/sct-browser-api/snomed&langRefset=999001261000000100,999000691000001104","C4015534, Hyperglycemia",https://ncimetathesaurus.nci.nih.gov/ncimbrowser/ConceptReport.jsp?dictionary=NCI%20Metathesaurus&code=C4015534,
complications_hypoglycemia,outcome,,Hypoglycemia,"1, Yes | 0, No","An indication whether the patient had/has hypoglycemia, specified as an abnormally low level of glucose in the blood at the specified time.",COMPLICATIONS: Please record if any of these complications existed prior to admission. ,SNOMED,"302866003, Hypoglycemia","https://termbrowser.nhs.uk/?perspective=full&conceptId1=302866003&edition=uk-edition&release=v20230607&server=https://termbrowser.nhs.uk/sct-browser-api/snomed&langRefset=999001261000000100,999000691000001104","C0858246, Hypoglycemia",https://ncimetathesaurus.nci.nih.gov/ncimbrowser/ConceptReport.jsp?dictionary=NCI%20Metathesaurus&code=C0858246,
complications_liverdysfunction,outcome,,Liver dysfunction,"1, Yes | 0, No","An indication whether the patient had/has liver dysfunction, specified as non traumatic damage to the liver parenchyma resulting in hepatic insufficiency at the specified time.",COMPLICATIONS: Please record if any of these complications existed prior to admission. ,SNOMED,"59927004, Hepatic failure","https://termbrowser.nhs.uk/?perspective=full&conceptId1=59927004&edition=uk-edition&release=v20230607&server=https://termbrowser.nhs.uk/sct-browser-api/snomed&langRefset=999001261000000100,999000691000001104","C3806655, Liver dysfunction",https://ncimetathesaurus.nci.nih.gov/ncimbrowser/ConceptReport.jsp?dictionary=NCI%20Metathesaurus&code=C3806655,
