Variable / Field Name,Form Name,Section Header,Field Type,Field Label,"Choices, Calculations, OR Slider Labels",Field Note,Text Validation Type OR Show Slider Number,Text Validation Min,Text Validation Max,Identifier?,Branching Logic (Show field only if...),Required Field?,Custom Alignment,Question Number (surveys only),Matrix Group Name,Matrix Ranking?,Field Annotation
subjid,presentation,,text,Participant Identification Number (PIN):,,999-9999 (SiteNo-PIN),,,,,,,,,,,
inclusioncriteria_infection,presentation,INCLUSION CRITERIA,radio,Suspected or confirmed infection with a pathogen of public health interest,"1, Yes | 0, No",,,,,,,y,RH,,,,
inclusioncriteria_exposure,presentation,,radio,Exposure to a pathogen or health threat of public health interest,"1, Yes | 0, No",,,,,,,y,RH,,,,
inclusioncriteria_disease,presentation,,checkbox,Which of the following is the individual proven/suspected of having?,"1, Avian influenza A H7N9/ H5N1/ H5N6/ H7N7 | 2, Severe Acute paediatric hepatitis | 3, MPox | 4, Dengue | 5, COVID-19 (SARS?CoV?2) | 6, Other | 7, Unknown",,,,,,,y,,,,,
inclusioncriteria_diseaseother,presentation,,text,Please specify:,,,,,,,[inclusioncriteria_disease(6)] = '1',y,,,,,
dates_enrolment,presentation,ONSET & ADMISSION,text,Date of enrolment /start of data collection: ,,,date_dmy,,today,,,y,,,,,
dates_onsetdate,presentation,,text,Onset date of first/earliest symptom: ,,,date_dmy,,today,,,y,,,,,
dates_admissiondate,presentation,,text,Presentation/admission date at this facility (most recent): ,,,date_dmy,,today,,,y,,,,,
readmission_previosadmission,presentation,RE-ADMISSION AND PREVIOUS PIN,radio,Was the patient admitted previously or transferred from any other facility during this illness episode?,"1, YES-admitted previously to this facility | 2, YES-admitted to other facility, then transferred to this facility | 3,No | 4, Unknown",,,,,,,y,,,,,
readmission_numberprevious,presentation,,text,Total number of previous admissions for this infection,,,9_digit_integer,,,,[readmission_previosadmission] = '2' or [readmission_previosadmission] = '1',y,,,,,
readmission_firstadmission,presentation,,text,Date of earliest admission for this infection,,,date_dmy,,today,,[readmission_previosadmission] = '2' or [readmission_previosadmission] = '1',y,,,,,
readmission_differentpin,presentation,,radio,Has this patient's data been previously collected under a different patient number? ,"1, Yes | 0, No | 2, Unknown",,,,,,,y,RH,,,,
readmission_previouspin,presentation,,text,Participant Identification number (PIN),,,,,,,[readmission_differentpin] = '1',y,,,,,
demographics_race,presentation,DEMOGRAPHICS,checkbox,Race (check all that apply),"1, Arab | 2, Black | 3, East Asian | 4, South-East Asian | 5, West asian | 6, Latin American | 7, White | 8, Aboriginal/First Nations/Indigenous | 9, Other | 10, Unknown",,,,,,,y,,,,,
demographics_raceother,presentation,,text,Please specify,,,,,,,[demographics_race(9)] = '1',y,,,,,
demographics_healthcareworker,presentation,,radio,Employed as a Healthcare Worker?,"1, YES-Patient facing | 2, YES-Laboratory | 3, YES-No patients/laboratory | 4, No | 5, Unknown",,,,,,,y,,,,,
demographics_sex,presentation,,radio,Sex at Birth,"1, Male | 2, Female | 3, Not specified/Unknown",,,,,,,y,RH,,,,
demographics_age,presentation,,text,Age,,,integer,,,,,y,,,,,
demographics_ageunits,presentation,,radio,Age units,"1, Years | 2, Months | 3, Days",,,,,,,y,RH,,,,
demographics_height,presentation,,text,Height (cm),,,number,,,,,y,,,,,
demographics_weight,presentation,,text,Weight (kg),,,number,,,,,y,,,,,
demographics_pregnant,presentation,,radio,Pregnant,"1, Yes | 0, No | 2, Unknown",,,,,,[demographics_sex] = '2',y,RH,,,,
demographics_gestationalweeks,presentation,,text,Gestational weeks assessment,,,number,,,,[demographics_pregnant] = '1',y,,,,,
demographics_postpartum,presentation,,radio,Post-partum (within 6 weeks of delivery)? ,"1, Yes | 0, No | 2, Unknown",,,,,,[demographics_sex] = '2',y,RH,,,,
demographics_deliverydate,presentation,,text,Delivery date,,,date_dmy,,,,[demographics_postpartum] = '1',y,,,,,
demographics_pregnancyoutcome,presentation,,radio,Pregnancy Outcome,"1, Live birth | 2, Still birth",,,,,,[demographics_postpartum] = '1',y,RH,,,,
demographics_babytested,presentation,,radio,Baby tested for Mother's infection?,"1, Yes | 0, No | 2, Unknown",,,,,,[demographics_postpartum] = '1',y,RH,,,,
demographics_babytestresult,presentation,,radio,Test result,"1, Yes | 0, No | 2, Unknown",,,,,,[demographics_babytested] = '1',y,RH,,,,
demographics_infant,presentation,,radio,Infant (less than 12 months old)? ,"1, Yes | 0, No",,,,,,[demographics_sex] = '2',y,RH,,,,
demographics_rememberinfantweigth,presentation,,radio,Remember the infant weight at birth,"1, Yes | 0, No",,,,,,[demographics_infant] = '1',y,RH,,,,
demographics_infantbirthweigth,presentation,,text,Birth weight (kg),,,number,,,,[demographics_rememberinfantweigth] = '1',y,,,,,
demographics_gestationaloutcome,presentation,,radio,Gestational outcome,"1, Term birth (?37wk GA) | 2, Preterm birth (< 37wk GA) | 3, Unknown",,,,,,[demographics_infant] = '1',y,,,,,
demographics_breastfed,presentation,,radio,Breastfed?,"1, YES-currently breastfeeding | 2, YES-breastfeeding discontinued | 0, No | 4, Unknown",,,,,,[demographics_infant] = '1',y,,,,,
demographics_infantvaccination,presentation,,radio,Vaccinations appropriate for age/country? ,"1, Yes | 0, No | 2, Unknown",,,,,,[demographics_infant] = '1',y,RH,,,,
demographics_ocupationlocation,presentation,,radio,Primary location of occupation:  ,"1, Home-working or unemployed | 2, Indoors-office/health/education/hospitality/business | 3, Indoors-factory | 4, Outdoors-agriculture/forestry/fisheries | 5, Outdoors-construction/industrial/mining | 6, Armed Forces | 7, Student | 8, Other",,,,,,[inclusioncriteria_disease(4)] = '1',y,,,,,
demographics_ocupationlocationother,presentation,,text,Please specify other primary location of occupation,,,,,,,[demographics_ocupationlocation] = '8',y,,,,,
demographics_regionresidence,presentation,,radio,Patient's region of residence:,"1, Same as health care facility | 2, Other region",,,,,,[inclusioncriteria_disease(4)] = '1',y,RH,,,,
demographics_regionresidenceother,presentation,,text,Please specify Patient's region of residence:,,,,,,,[demographics_regionresidence] = '2',y,,,,,
demographicsdengue_travel,presentation,,radio,Did the patient travel outside of their home region in the past 14 days? ,"1, Yes | 0, No | 2, Unknown",,,,,,[inclusioncriteria_disease(4)] = '1',y,RH,,,,
demographicsdengue_destinations,presentation,,notes,Where did patient travel to? (list all city/cities or town(s) and region(s),,,,,,,[inclusioncriteria_disease(4)] = '1' and [demographicsdengue_travel] = '1',y,,,,,
demographicsdengue_daysspend,presentation,,text,how many days did the patient spend in this/these location(s)? ,,,integer,,,,[inclusioncriteria_disease(4)] = '1' and [demographicsdengue_travel] = '1',y,,,,,
medication_steroids,presentation,MEDICATION PREVIOUS 14-DAYS (include all taken within 14 days prior to this most recent admission/presentation),radio,Steroids,"1, Yes | 0, No | 2, Unknown",,,,,,,y,RH,,,,
medication_steroidsagent,presentation,,text,Steroid agent:,,,,,,,[medication_steroids] = '1',y,RH,,,,
medication_steroidsroute,presentation,,radio,Steroids administration route,"1, Oral | 2, Inhaled | 3, IV | 4, Unknown",,,,,,[medication_steroids] = '1',y,RH,,,,
medication_inmunusuppressant,presentation,,radio,Immunosuppressant agents (not steroids),"1, Yes | 0, No | 2, Unknown",,,,,,,y,RH,,,,
medication_inmunusuppressantagent,presentation,,text,Immunosuppressant agents:,,,,,,,[medication_inmunusuppressant] = '1',y,RH,,,,
medication_aspirin,presentation,,radio,Aspirin,"1, Yes | 0, No | 2, Unknown",,,,,,,y,RH,,,,
medication_antibiotics,presentation,,radio,Antibiotics,"1, Yes | 0, No | 2, Unknown",,,,,,,y,RH,,,,
medication_atibioticagent,presentation,,text,Antibiotic agent,,,,,,,[medication_antibiotics] = '1',y,,,,,
medication_nsaids,presentation,,radio,NSAIDs,"1, Yes | 0, No | 2, Unknown",,,,,,,y,RH,,,,
medication_nsaidsagent,presentation,,text,NSAIDs agent,,,,,,,[medication_nsaids] = '1',y,,,,,
medication_antivirals,presentation,,radio,Antivirals,"1, Yes | 0, No | 2, Unknown",,,,,,,y,RH,,,,
medication_antiviralsagent,presentation,,text,Antivirals agent,,,,,,,[medication_antivirals] = '1',y,,,,,
medication_anticoagulants,presentation,,radio,Anticoagulants,"1, Yes | 0, No | 2, Unknown",,,,,,,y,RH,,,,
medication_anticoagulantsagent,presentation,,text,Anticoagulants agent,,,,,,,[medication_anticoagulants] = '1',y,,,,,
medication_ivfluids,presentation,,radio,Intravenous fluids,"1, Yes | 0, No | 2, Unknown",,,,,,,y,RH,,,,
medication_ivfluidstype,presentation,,dropdown,Intravenous fluids Type,"1, isotonic | 2, hypotonic | 3, hypertonic",,,,,,[medication_ivfluids] = '1',y,RH,,,,
medication_ivfluidsvolumen,presentation,,text,Total intravenous fluids volume  (mL),,,number,,,,[medication_ivfluids] = '1',y,,,,,
medication_ivfluidsduration,presentation,,text,Intravenous fluids total duration,,,number,,,,[medication_ivfluids] = '1',y,,,,,
medication_ivfluidsdurationunit,presentation,,radio,Intravenous fluids duration unit,"1, Days | 2, Hours",,,,,,[medication_ivfluids] = '1',y,RH,,,,
medication_unlisted,presentation,,radio,Other pathogen-targeted medications,"1, Yes | 0, No | 2, Unknown",,,,,,,y,RH,,,,
medication_unlistedother,presentation,,text,Other agent,,,,,,,[medication_unlisted] = '1',y,,,,,
comorbidities_chroniccardiac,presentation,CO-MORBIDITIES AND RISK FACTORS (existing prior to admission and ongoing),radio,Chronic cardiac disease (not hypertension),"1, Yes | 0, No | 2, Unknown",,,,,,,y,RH,,,,
comorbidities_hypertension,presentation,,radio,Hypertension  ,"1, Yes | 0, No | 2, Unknown",,,,,,,y,RH,,,,
comorbidities_chronicpulmonary,presentation,,radio,Chronic pulmonary disease (not asthma),"1, Yes | 0, No | 2, Unknown",,,,,,,y,RH,,,,
comorbidities_asthma,presentation,,radio,Asthma (physician diagnosed),"1, Yes | 0, No | 2, Unknown",,,,,,,y,RH,,,,
comorbidities_chronickidney,presentation,,radio,Chronic kidney disease,"1, Yes | 0, No | 2, Unknown",,,,,,,y,RH,,,,
comorbidities_obesity,presentation,,radio,Obesity (as defined by clinical staff),"1, Yes | 0, No | 2, Unknown",,,,,,,y,RH,,,,
comorbidities_severeliver,presentation,,radio,Moderate or severe liver disease,"1, Yes | 0, No | 2, Unknown",,,,,,,y,RH,,,,
comorbidities_mildliver,presentation,,radio,Mild liver disease,"1, Yes | 0, No | 2, Unknown",,,,,,,y,RH,,,,
comorbidities_asplenia,presentation,,radio,Asplenia,"1, Yes | 0, No | 2, Unknown",,,,,,,y,RH,,,,
comorbidities_chronicneurological,presentation,,radio,Chronic neurological disorder,"1, Yes | 0, No | 2, Unknown",,,,,,,y,RH,,,,
comorbidities_malignantneoplasm,presentation,,radio,Malignant neoplasm,"1, Yes | 0, No | 2, Unknown",,,,,,,y,RH,,,,
comorbidities_chronichematologic,presentation,,radio,Chronic hematologic disease,"1, Yes | 0, No | 2, Unknown",,,,,,,y,RH,,,,
comorbidities_rheumatologic,presentation,,radio,Rheumatologic disorder,"1, Yes | 0, No | 2, Unknown",,,,,,,y,RH,,,,
comorbidities_aids,presentation,,radio,AIDS / HIV,"1, YES-on ART | 2, YES-not on ART | 0, No | 4, Unknown",,,,,,,y,,,,,
comorbidities_cd4count,presentation,,radio,most recent CD4 count,"1, < 200 | 2, 200-< 500 | 3, ? 500   cells/uL | 4, Unknown",,,,,,[comorbidities_aids] = '1',y,,,,,
comorbidities_diabetes,presentation,,radio,Diabetes Mellitus,"1, YES-Type 1 | 2, YES -Type 2 | 3, YES -Gestational | 0, No | 5, Unknown",,,,,,,y,,,,,
comorbidities_hba1c,presentation,,text,HbA1C results (within last 6 months) ,,,number,,,,[comorbidities_diabetes] = '1' or [comorbidities_diabetes] = '2' or [comorbidities_diabetes] = '3',y,,,,,
comorbidities_hba1c_units,presentation,,radio,HbA1C Units,"1, mmol/mol | 2, mmol/L | 3, %",,,,,,[comorbidities_diabetes] = '1' or [comorbidities_diabetes] = '2' or [comorbidities_diabetes] = '3',y,RH,,,,
comorbidities_dementia,presentation,,radio,Dementia,"1, Yes | 0, No | 2, Unknown",,,,,,,y,RH,,,,
comorbidities_tuberculosis,presentation,,radio,Tuberculosis,"1, Yes | 0, No | 2, Unknown",,,,,,,y,RH,,,,
comorbidities_malnutrition,presentation,,radio,Malnutrition,"1, Yes | 0, No | 2, Unknown",,,,,,,y,RH,,,,
comorbidities_smoking,presentation,,radio,Smoking,"1, Current smoker | 0, Never smoked | 3, Former smoker | 4, Unknown",,,,,,,y,,,,,
comorbidities_hepatiticbc,presentation,,radio,Chronic hepatitis B/C infection,"1, Yes | 0, No | 2, Unknown",,,,,,,y,RH,,,,
comorbidities_liverdisease,presentation,,radio,Liver disease,"1, Yes | 0, No | 2, Unknown",,,,,,,y,RH,,,,
comorbidities_unlisted,presentation,,radio,Other relevant risk factor(s)                       ,"1, Yes | 0, No | 2, Unknown",,,,,,,y,RH,,,,
comorbidities_unlistedother,presentation,,text,Please specify,,,,,,,[comorbidities_unlisted] = '1',y,,,,,
symptoms_fever,presentation,"SIGNS AND SYMPTOMS ON ADMISSION  (first data, within 24 hours of presentation/admission)",radio,History of fever / chills / rigors,"1, Yes | 0, No | 2, Unknown",,,,,,,y,RH,,,,
symptoms_cough,presentation,,radio,Cough      ,"1, YES - non-productive | 2, YES - productive | 3, YES - with haemoptysis | 0, NO | 5, Unknown",,,,,,,y,,,,,
symptoms_sorethroat,presentation,,radio,Sore throat,"1, Yes | 0, No | 2, Unknown",,,,,,,y,RH,,,,
symptoms_rhinorrhoea,presentation,,radio,Runny nose (rhinorrhoea),"1, Yes | 0, No | 2, Unknown",,,,,,,y,RH,,,,
symptoms_wheezing,presentation,,radio,Wheezing,"1, Yes | 0, No | 2, Unknown",,,,,,,y,RH,,,,
symptoms_shortnessofbreath,presentation,,radio,Shortness of breath ,"1, Yes | 0, No | 2, Unknown",,,,,,,y,RH,,,,
symptoms_chestindrawing,presentation,,radio,Lower chest wall indrawing,"1, Yes | 0, No | 2, Unknown",,,,,,,y,RH,,,,
symptoms_chestpain,presentation,,radio,Chest pain,"1, Yes | 0, No | 2, Unknown",,,,,,,y,RH,,,,
symptoms_conjunctivitis,presentation,,radio,Conjunctivitis,"1, Yes | 0, No | 2, Unknown",,,,,,,y,RH,,,,
symptoms_anosmia,presentation,,radio,Loss of smell (Anosmia),"1, Yes | 0, No | 2, Unknown",,,,,,,y,RH,,,,
symptoms_ageusia,presentation,,radio,Loss of taste (Ageusia),"1, Yes | 0, No | 2, Unknown",,,,,,,y,RH,,,,
symptoms_lymphadenopathy,presentation,,radio,Lymphadenopathy,"1, Yes | 0, No | 2, Unknown",,,,,,,y,RH,,,,
symptoms_fatigue,presentation,,radio,Fatigue / Malaise / Lethargy,"1, Yes | 0, No | 2, Unknown",,,,,,,y,RH,,,,
symptoms_headache,presentation,,radio,Headache,"1, Yes | 0, No | 2, Unknown",,,,,,,y,RH,,,,
symptoms_seizures,presentation,,radio,Seizures,"1, Yes | 0, No | 2, Unknown",,,,,,,y,RH,,,,
symptoms_confusion,presentation,,radio,Altered consciousness/confusion,"1, Yes | 0, No | 2, Unknown",,,,,,,y,RH,,,,
symptoms_myalgia,presentation,,radio,Muscle aches (myalgia),"1, Yes | 0, No | 2, Unknown",,,,,,,y,RH,,,,
symptoms_arthralgia,presentation,,radio,Joint pain (arthralgia),"1, Yes | 0, No | 2, Unknown",,,,,,,y,RH,,,,
symptoms_inabilitywalk,presentation,,radio,Inability to walk,"1, Yes | 0, No | 2, Unknown",,,,,,,y,RH,,,,
symptoms_abdominalpain,presentation,,radio,Abdominal pain,"1, Yes | 0, No | 2, Unknown",,,,,,,y,RH,,,,
denguesymptoms_abdpainseverity,presentation,,radio,Abdominal pain severity,"1, + | 2, ++ | 3, +++",,,,,,[inclusioncriteria_disease(4)] = '1' and [symptoms_abdominalpain] = '1',y,RH,,,,
symptoms_diarrhoea,presentation,,radio,Diarrhoea,"1, Yes | 0, No | 2, Unknown",,,,,,,y,RH,,,,
denguesymptoms_diarrhoeaepisodes,presentation,,text,Diarrhoea episodes in previous 24 hours  ,,,number,,,,[inclusioncriteria_disease(4)] = '1' and [symptoms_diarrhoea] = '1',y,RH,,,,
symptoms_nausea,presentation,,radio,Vomiting / Nausea,"1, Yes | 0, No | 2, Unknown",,,,,,,y,RH,,,,
denguesymptoms_vomitintensity,presentation,,radio,Intensity of vomiting,"1, + | 2, ++ | 3, +++",,,,,,[inclusioncriteria_disease(4)] = '1' and [symptoms_nausea] = '1',y,RH,,,,
symptoms_anorexia,presentation,,radio,Anorexia,"1, Yes | 0, No | 2, Unknown",,,,,,,y,RH,,,,
symptoms_skinrash,presentation,,radio,Skin rash,"1, Yes | 0, No | 2, Unknown",,,,,,,y,RH,,,,
symptoms_haemorrhage,presentation,,radio,Bleeding (Haemorrhage),"1, Yes | 0, No | 2, Unknown",,,,,,,y,RH,,,,
symptoms_haemorrhagesite,presentation,,checkbox,specify site(s) of bleeding,"1, Skin | 2, Nose | 3, Gums |4, GI tract | 5, Urinary tract | 6, Vaginal | 7, Other",,,,,,[symptoms_haemorrhage] = '1',y,,,,,
symptoms_haemorrhagesiteoth,presentation,,text,Please specify other site:,,,,,,,[symptoms_haemorrhagesite(7)]='1',y,,,,,
denguesymptoms_restlessness,presentation,,radio,Restlessness,"1, Yes | 0, No | 2, Unknown",,,,,,[inclusioncriteria_disease(4)] = '1',y,RH,,,,
denguesymptoms_retroorbitalpain,presentation,,radio,Retro-orbital pain,"1, Yes | 0, No | 2, Unknown",,,,,,[inclusioncriteria_disease(4)] = '1',y,RH,,,,
denguesymptoms_convulsions,presentation,,radio,Convulsions,"1, Yes | 0, No | 2, Unknown",,,,,,[inclusioncriteria_disease(4)] = '1',y,RH,,,,
denguesymptoms_dizzy,presentation,,radio,Feeling dizzy / faint,"1, Yes | 0, No | 2, Unknown",,,,,,[inclusioncriteria_disease(4)] = '1',y,RH,,,,
symptoms_unlisted,presentation,,radio,Other symptom(s),"1, Yes | 0, No | 2, Unknown",,,,,,,y,RH,,,,
symptoms_unlistedother,presentation,,text,Please specify,,,,,,,[symptoms_unlisted] = '1',y,,,,,
denguesymptoms_neurologicalunlisted,presentation,,radio,Other neurological abnormality,"1, Yes | 0, No | 2, Unknown",,,,,,[inclusioncriteria_disease(4)] = '1',y,RH,,,,
denguesymptoms_neurologicalunlistedother,presentation,,text,Please specify,,,,,,,[denguesymptoms_neurologicalunlisted] = '1',y,RH,,,,
vaccinationcovid19_vaccine,presentation,VACCINATION,radio,Vaccinated for COVID-19?,"1, Yes | 0, No | 2, Unknown",,,,,,[inclusioncriteria_disease(5)] = '1',y,RH,,,,
vaccinationcovid19_vaccinedate,presentation,,text,Date of most recent Covid-19 vaccine,,,date_dmy,,today,,[inclusioncriteria_disease(5)] = '1' and [vaccinationcovid19_vaccine] = '1',y,,,,,
vaccinationcovid19_vaccinedateacc,presentation,,radio,Covid-19 vaccine accuracy,"1, Actual | 2, Estimated",,,,,,[inclusioncriteria_disease(5)] = '1' and [vaccinationcovid19_vaccine] = '1',y,RH,,,,
vaccinationinfluenza_vaccine,presentation,,radio,Vaccinated for influenza?  ,"1, Yes | 0, No | 2, Unknown",,,,,,[inclusioncriteria_disease(1)] = '1',y,RH,,,,
vaccinationinfluenza_vaccinedate,presentation,,text,Date of most recent influenza vaccine,,,date_dmy,,today,,[inclusioncriteria_disease(1)] = '1' and [vaccinationinfluenza_vaccine] = '1',y,,,,,
vaccinationinfluenza_vaccinedateacc,presentation,,radio,Influenza vaccine accuracy,"1, Actual | 2, Estimated",,,,,,[inclusioncriteria_disease(1)] = '1' and [vaccinationinfluenza_vaccine] = '1',y,RH,,,,
vaccinationdengue_vaccine,presentation,,radio,Vaccinated for dengue?,"1, YES, once | 2, YES, twice | 3, YES, thrice | 0, No | 4, Unknown",,,,,,[inclusioncriteria_disease(4)] = '1',y,,,,,
vaccinationdengue_vaccinedate,presentation,,text,Date of first dengue vaccine,,,date_dmy,,today,,[inclusioncriteria_disease(4)] = '1' and ([vaccinationdengue_vaccine] = '1' or [vaccinationdengue_vaccine] = '2' or [vaccinationdengue_vaccine] = '3'),y,,,,,
vaccinationdengue_vaccinedateacc,presentation,,radio,Dengue first vaccine accuracy,"1, Actual | 2, Estimated",,,,,,[inclusioncriteria_disease(4)] = '1' and ([vaccinationdengue_vaccine] = '1' or [vaccinationdengue_vaccine] = '2' or [vaccinationdengue_vaccine] = '3'),y,RH,,,,
vaccinationdengue_vaccinetype,presentation,,radio,Type of first dengue vaccine,"1, CYD-TVD (Dengvaxia) | 2, TAK-003 (QDENGA)",,,,,,[inclusioncriteria_disease(4)] = '1' and ([vaccinationdengue_vaccine] = '1' or [vaccinationdengue_vaccine] = '2' or [vaccinationdengue_vaccine] = '3'),y,RH,,,,
vaccinationdengue_vaccineseconddate,presentation,,text,Date of second dengue vaccine,,,date_dmy,,today,,[inclusioncriteria_disease(4)] = '1' and ([vaccinationdengue_vaccine] = '2' or [vaccinationdengue_vaccine] = '3' ),y,,,,,
vaccinationdengue_vaccineseconddateacc,presentation,,radio,Dengue second vaccine accuracy,"1, Actual | 2, Estimated",,,,,,[inclusioncriteria_disease(4)] = '1' and ([vaccinationdengue_vaccine] = '2' or [vaccinationdengue_vaccine] = '3' ),y,RH,,,,
vaccinationdengue_vaccinesecondtype,presentation,,radio,Type of second dengue vaccine,"1, CYD-TVD (Dengvaxia) | 2, TAK-003 (QDENGA)",,,,,,[inclusioncriteria_disease(4)] = '1' and ([vaccinationdengue_vaccine] = '2' or [vaccinationdengue_vaccine] = '3'),y,RH,,,,
vaccinationdengue_vaccinethirddate,presentation,,text,Date of third dengue vaccine,,,date_dmy,,today,,[inclusioncriteria_disease(4)] = '1' and ( [vaccinationdengue_vaccine] = '3'),y,,,,,
vaccinationdengue_vaccinethirddateacc,presentation,,radio,Dengue third vaccine accuracy,"1, Actual | 2, Estimated",,,,,,[inclusioncriteria_disease(4)] = '1' and ( [vaccinationdengue_vaccine] = '3'),y,RH,,,,
vaccinationdengue_vaccinethirdtype,presentation,,radio,Type of third dengue vaccine,"1, CYD-TVD (Dengvaxia) | 2, TAK-003 (QDENGA)",,,,,,[inclusioncriteria_disease(4)] = '1' and ( [vaccinationdengue_vaccine] = '3'),y,RH,,,,
medicalhistpedhepatitis_gastroenteritis,presentation,MEDICAL HISTORY,radio,"In the last 3 months, has your child had a gastroenteritis illness (including diarrhoea and/or vomiting)?","1, Yes | 0, No | 2, Unknown",,,,,,[inclusioncriteria_disease(2)] = '1',y,RH,,,,
medicalhistpedhepatitis_startdate,presentation,,text,Approximate start date of this illness,,,date_dmy,,today,,[inclusioncriteria_disease(2)] = '1' and [medicalhistpedhepatitis_gastroenteritis] = '1',y,,,,,
medicalhistpedhepatitis_persiistentsymptom,presentation,,radio,Did these symptoms persist for more than a week? ,"1, Yes | 0, No | 2, Unknown",,,,,,[inclusioncriteria_disease(2)] = '1' and [medicalhistpedhepatitis_gastroenteritis] = '1',y,RH,,,,
medicalhistpedhepatitis_fever,presentation,"<div class=""blue""><b><span style=""font-weight: normal;"">What persistent symptoms did your child have in the last three months?</span></div class=""blue"">",radio,History of fever,"1, Yes | 0, No | 2, Unknown",,,,,,[medicalhistpedhepatitis_persiistentsymptom] = '1',y,RH,,,,
medicalhistpedhepatitis_diarrhoea,presentation,,radio,Diarrhoea,"1, Yes | 0, No | 2, Unknown",,,,,,[medicalhistpedhepatitis_persiistentsymptom] = '1',y,RH,,,,
medicalhistpedhepatitis_weightloss,presentation,,radio,Weight loss,"1, Yes | 0, No | 2, Unknown",,,,,,[medicalhistpedhepatitis_persiistentsymptom] = '1',y,RH,,,,
medicalhistpedhepatitis_nausea,presentation,,radio,Vomiting / Nausea,"1, Yes | 0, No | 2, Unknown",,,,,,[medicalhistpedhepatitis_persiistentsymptom] = '1',y,RH,,,,
medicalhistpedhepatitis_abdominalpain,presentation,,radio,Abdominal pain,"1, Yes | 0, No | 2, Unknown",,,,,,[medicalhistpedhepatitis_persiistentsymptom] = '1',y,RH,,,,
medicalhistpedhepatitis_tiredness,presentation,,radio,Tiredness,"1, Yes | 0, No | 2, Unknown",,,,,,[medicalhistpedhepatitis_persiistentsymptom] = '1',y,RH,,,,
medicalhistpedhepatitis_unlisted,presentation,,radio,Other,"1, Yes | 0, No | 2, Unknown",,,,,,[medicalhistpedhepatitis_persiistentsymptom] = '1',y,RH,,,,
medicalhistpedhepatitis_unlistedother,presentation,,text,Please specify,,,,,,,[medicalhistpedhepatitis_unlisted] = '1',y,,,,,
medicalhistory_prevdengueinfections,presentation,,radio,Is the patient known to have previous dengue infection(s)?,"1, Yes | 0, No | 2, Unknown",,,,,,[inclusioncriteria_disease(4)] = '1',y,RH,,,,
medicalhistory_prevdenguehospitalization,presentation,,radio,Was the patient ever hospitalised for a previous dengue infection ?,"1, Yes- admitted to hospital or ICU | 0, No | 2, Unknown",,,,,,[medicalhistory_prevdengueinfections] = '1',y,RH,,,,
medicalhistdengue_previousinfection,presentation,,radio,Is the patient known to have previous dengue infection(s)?,"1, Yes 1 time | 2, Yes 2 times | 3, Yes >2 times | 0, No | 5, Unknown",,,,,,[inclusioncriteria_disease(4)] = '1',y,,,,,
medicalhistdengue_lastinfectiondate,presentation,,text,When did the latest dengue episode occur?,,,date_dmy,,today,,[medicalhistdengue_previousinfection] = '1' or [medicalhistdengue_previousinfection] = '2' or [medicalhistdengue_previousinfection] = '3',y,,,,,
medicalhistdengue_confirmationtype,presentation,,radio,How was the latest dengue episode diagnosed?,"1, Lab confirmed | 2, Clinically diagnosed | 3, Unknown",,,,,,[medicalhistdengue_previousinfection] = '1' or [medicalhistdengue_previousinfection] = '2' or [medicalhistdengue_previousinfection] = '3',y,RH,,,,
medicalhistdengue_admissiontype,presentation,,radio,Where was latest dengue episode managed?,"1, No hospital admission | 2, Hospital admission | 3, Hospital +ICU admission",,,,,,[medicalhistdengue_previousinfection] = '1' or [medicalhistdengue_previousinfection] = '2' or [medicalhistdengue_previousinfection] = '3',y,,,,,
medicalhistdengue_firstfectiondate,presentation,,text,When did the first dengue episode occur?,,,date_dmy,,today,,[medicalhistdengue_previousinfection] = '1' or [medicalhistdengue_previousinfection] = '2' or [medicalhistdengue_previousinfection] = '3',y,,,,,
medicalhistdengue_firstconfirmationtype,presentation,,radio,How was the first dengue episode diagnosed?,"1, Lab confirmed | 2, Clinically diagnosed | 3, Unknown",,,,,,[medicalhistdengue_previousinfection] = '1' or [medicalhistdengue_previousinfection] = '2' or [medicalhistdengue_previousinfection] = '3',y,RH,,,,
medicalhistdengue_firstadmissiontype,presentation,,radio,Where was first dengue episode managed?,"1, No hospital admission | 2, Hospital admission | 3, Hospital +ICU admission",,,,,,[medicalhistdengue_previousinfection] = '1' or [medicalhistdengue_previousinfection] = '2' or [medicalhistdengue_previousinfection] = '3',y,,,,,
daily_date,daily,,text,DATE OF ASSESSMENT,,,date_dmy,,today,,,y,,,,,
daily_datatype,daily,,checkbox,What type of patient data will you enter?,"1, Vital Signs & Assessments | 2, Treatments & Interventions | 3, Laboratory Results | 4, Imaging",,,,,,,y,,,,,
vitals_highesttemp,daily,VITAL SIGNS & ASSESSMENTS (Record the value furthest from normal range between 00:00 to 24:00 on day of assessment),text,Highest temperature,,,number,,,,[daily_datatype(1)]='1',y,,,,,
vitals_highes_ttemp_units,daily,,radio,Temperature Units,"1, °C | 2, F",,,,,,[daily_datatype(1)]='1',y,RH,,,,
vitals_hr,daily,,text,HR (beats/minute),,,number,,,,[daily_datatype(1)]='1',y,,,,,
vitals_rr,daily,,text,RR (bpm),,,number,,,,[daily_datatype(1)]='1',y,,,,,
vitals_systolicbp,daily,,text,Systolic BP (mmHg),,,number,,,,[daily_datatype(1)]='1',y,,,,,
vitals_diastolicbp,daily,,text,Diastolic BP (mmHg),,,number,,,,[daily_datatype(1)]='1',y,,,,,
vitals_meanbp,daily,,text,Mean Arterial Blood Pressure  (mmHg),,,number,,,,[daily_datatype(1)]='1',y,,,,,
vitals_sao2,daily,,text,Lowest Oxygen saturation SaO2 (%),,,number,,,,[daily_datatype(1)]='1',y,,,,,
vitals_suplementalo2,daily,,radio,Supplemental oxygen at point of SaO2 measure,"1, Yes | 0, No",,,,,,[daily_datatype(1)]='1',y,RH,,,,
vitals_suplementalo2lowestspo2,daily,,text,FiO2 at time of lowest SpO2,,,number,,,,[vitals_suplementalo2] = '1',y,RH,,,,
vitals_suplementalo2lowestspo2units,daily,,radio,FiO2 units,"1, 0.21-1.0 | 2, %",,,,,,[vitals_suplementalo2] = '1',y,RH,,,,
vitals_capillaryrefill,daily,,radio,Sternal capillary refill time >2seconds,"1, Yes | 0, No",,,,,,[daily_datatype(1)]='1',y,RH,,,,
vitals_avpu,daily,,checkbox,AVPU,"1, Alert | 2, Verbal | 3, Pain | 4, Unresponsive",,,,,,[daily_datatype(1)]='1',y,RH,,,,
vitals_gcs,daily,,text,Glasgow Coma Score (GCS / 15) ,,,number,,,,[daily_datatype(1)]='1',y,,,,,
vitals_rass,daily,,text,Richmond Agitation-Sedation Scale (RASS) ,,,number,,,,[daily_datatype(1)]='1',y,,,,,
vitals_urineflow,daily,,text,Urine flow rate (mL/24 hours),,,number,,,,[daily_datatype(1)]='1',y,,,,,
vitals_estimatedurineflow,daily,,checkbox,Urine flow rate,"1, Check if estimated",,,,,,[daily_datatype(1)]='1',y,,,,,
treatments_suppleo2,daily,TREATMENTS & INTERVENTIONS (Record all interventions received or true between 00:00 to 24:00 on day of assessment),radio,Any supplemental oxygen,"1, Yes | 0, No",,,,,,[daily_datatype(2)]='1',y,RH,,,,
treatments_o2supporttype,daily,,radio,What is the most amount of respiratory support a patient has received (from 00:00 to 24:00) on day of assessment?,"1, Nasal prong | 2, Face mask | 3, High-flow nasal oxygen | 4, Non-invasive ventilation | 5, Invasive ventilation | 6, ECLS/ECMO",,,,,,[treatments_suppleo2] = '1',y,,,,,
treatments_highestfio2,daily,,text,FiO2 at time of PaO2 ,,,number,,,,[treatments_o2supporttype] = '4' or [treatments_o2supporttype] = '5' or [treatments_o2supporttype] = '6',y,,,,,
treatments_highestfio2units,daily,,radio,Highest FiO2 Unit,"1, 0.21-1.0 | 2, %",,,,,,[treatments_o2supporttype] = '4' or [treatments_o2supporttype] = '5' or [treatments_o2supporttype] = '6',y,,,,,
treatments_pao2,daily,,text,PaO2 (at time nearest to the FiO2 above),,,number,,,,[treatments_o2supporttype] = '4' or [treatments_o2supporttype] = '5' or [treatments_o2supporttype] = '6',y,,,,,
treatments_pao2units,daily,,radio,PaO2 Units,"1, kPa | 2, mmHg",,,,,,[treatments_o2supporttype] = '4' or [treatments_o2supporttype] = '5' or [treatments_o2supporttype] = '6',y,RH,,,,
treatments_pao2sampletype,daily,,radio,PaO2 sample type,"1, Arterial | 2, Capillary | 3, Venous | 4, Unknown",,,,,,[treatments_o2supporttype] = '4' or [treatments_o2supporttype] = '5' or [treatments_o2supporttype] = '6',y,,,,,
treatments_typleniv,daily,,radio,What type of Non-invasive ventilation?,"1, CPAP | 2, BIPAP | 3, Other",,,,,,[treatments_o2supporttype] = '4',y,,,,,
treatments_typeecmo,daily,,radio,What type of ECLS/ ECMO? ,"1, Veno-venus | 2, Arterio-venous | 3, Central | 4, Unknown",,,,,,[treatments_o2supporttype] = '6',y,,,,,
treatments_prone,daily,,radio,Prone positioning?,"1, Yes | 0, No",,,,,,[daily_datatype(2)]='1',y,RH,,,,
treatments_pronewhen,daily,,radio,When was the prone positioning?,"1, During invasive ventilation | 2, Whilst self-ventilating",,,,,,[treatments_prone] = '1',y,,,,,
treatments_neuromuscularblock,daily,,radio,Neuromuscular blocking agents?,"1, Yes | 0, No",,,,,,[daily_datatype(2)]='1',y,RH,,,,
treatments_icu,daily,,radio,ICU/ITU/HDU/Intermediate Care Unit admission?      ,"1, Yes | 0, No",,,,,,[daily_datatype(2)]='1',y,RH,,,,
treatments_rtt,daily,,radio,Renal replacement therapy (RRT) or dialysis / hemofiltration?  ,"1, Yes | 0, No",,,,,,[daily_datatype(2)]='1',y,RH,,,,
treatments_vasopressorinotropic,daily,,radio,Any vasopressor/inotropic support?,"1, Yes | 0, No",,,,,,[daily_datatype(2)]='1',y,RH,,,,
treatments_vasopress1,daily,,radio,Dopamine < 5µg/kg/min   OR   dobutamine   OR   milrinone   OR   levosimendan,"1, Yes | 0, No",,,,,,[treatments_vasopressorinotropic] = '1',y,RH,,,,
treatments_vasopress2,daily,,radio,"Dopamine 5-15µg/kg/min OR epinephrine(adrenaline)/norepinephrine(noradrenaline) < 0.1µg/kg/min OR  vasopressin   OR phenylephrine
","1, Yes | 0, No",,,,,,[treatments_vasopressorinotropic] = '1',y,RH,,,,
treatments_vasopress3,daily,,radio,Dopamine >15µg/kg/min OR epinephrine(adrenaline)/norepinephrine(noradrenaline) > 0.1µg/kg/min,"1, Yes | 0, No",,,,,,[treatments_vasopressorinotropic] = '1',y,RH,,,,
treatments_unlisted,daily,,radio,Other intervention(s) or procedure(s)?,"1, Yes | 0, No",,,,,,[daily_datatype(2)]='1',y,RH,,,,
treatments_unlistedother,daily,,text,Please specify,,,,,,,[treatments_unlisted] = '1',y,,,,,
treatments_nitricoxide,daily,,radio,Inhaled nitric oxide? ,"1, Yes | 0, No",,,,,,[daily_datatype(2)]='1',y,RH,,,,
treatments_oralrehydration,daily,,radio,Oral rehydration? ,"1, Yes | 0, No",,,,,,[inclusioncriteria_disease(4)] = '1'  and [daily_datatype(2)]='1',y,RH,,,,
treatments_oralrehydrationvol,daily,,text,Oral rehydration volume (mL/24 hours),,,,,,,[treatments_oralrehydration] = '1',y,,,,,
treatments_oralrehydrationvolacc,daily,,radio,Is the oral rehydration measured or estimated?,"1, Measured | 2, Estimated",,,,,,[treatments_oralrehydration] = '1',y,RH,,,,
treatments_parenteralfluid,daily,,radio,Parenteral fluid?  ,"1, Yes | 0, No",,,,,,[inclusioncriteria_disease(4)] = '1'  and [daily_datatype(2)]='1',y,RH,,,,
treatments_parenteralfluidtype,daily,,checkbox,Select all parenteral fluid that were administered,"1, Crystalloid | 2, Albumin | 3, Gelatin | 4, Starches | 5, Fibrinogen concentrate",,,,,,[treatments_parenteralfluid] = '1',y,,,,,
treatments_parenteralfluidcrysvol,daily,,text,Crystalloid volume,,,,,,,[treatments_parenteralfluidtype(1)] = '1',y,,,,,
treatments_parenteralfluidcrysvolacc,daily,,radio,Is the crystalloid volume measured or estimated?,"1, Measured | 2, Estimated",,,,,,[treatments_parenteralfluidtype(1)] = '1',y,RH,,,,
treatments_parenteralfluidalbvol,daily,,text,Albumin volume,,,,,,,[treatments_parenteralfluidtype(2)] = '1',y,,,,,
treatments_parenteralfluidalbvolacc,daily,,radio,Is the albumin volume measured or estimated?,"1, Measured | 2, Estimated",,,,,,[treatments_parenteralfluidtype(2)] = '1',y,RH,,,,
treatments_parenteralfluidgelavol,daily,,text,Gelatin volume,,,,,,,[treatments_parenteralfluidtype(3)] = '1',y,,,,,
treatments_parenteralfluidgelavolacc,daily,,radio,Is the gelatin volume measured or estimated?,"1, Measured | 2, Estimated",,,,,,[treatments_parenteralfluidtype(3)] = '1',y,RH,,,,
treatments_parenteralfluidstarvol,daily,,text,Starches volume,,,,,,,[treatments_parenteralfluidtype(4)] = '1',y,,,,,
treatments_parenteralfluidstarvolacc,daily,,radio,Is the starches volume measured or estimated?,"1, Measured | 2, Estimated",,,,,,[treatments_parenteralfluidtype(4)] = '1',y,RH,,,,
treatments_parenteralfluidsfibrinogenvol,daily,,text,Fibrinogen concentrate,,,,,,,[treatments_parenteralfluidtype(5)] = '1',y,,,,,
treatments_parenteralfluidsfibrinogenvolacc,daily,,radio,Is the fibrinogen concentrate volume measured or estimated?,"1, Measured | 2, Estimated",,,,,,[treatments_parenteralfluidtype(5)] = '1',y,RH,,,,
treatments_bloodtransf,daily,,radio,Blood / blood products transfusion?,"1, Yes | 0, No",,,,,,[inclusioncriteria_disease(4)] = '1' and [daily_datatype(2)]='1',y,RH,,,,
treatments_bloodtransftype,daily,,checkbox,Select all blood products that were administered,"1, Platelets | 2, Cryoprecipitate | 3, Whole blood/packed RBC | 4, Frozen fresh plasma | 5, Fibrinogen concentrate",,,,,,[treatments_bloodtransf] = '1',y,,,,,
treatments_plateletsvol,daily,,text,Platelets volume,,,,,,,[treatments_bloodtransftype(1)] = '1',y,,,,,
treatments_plateletsvolacc,daily,,radio,Is the platelets volume measured or estimated?,"1, Measured | 2, Estimated",,,,,,[treatments_bloodtransftype(1)] = '1',y,RH,,,,
treatments_cryoprecipitatevol,daily,,text,Cryoprecipitate  volume,,,,,,,[treatments_bloodtransftype(2)] = '1',y,,,,,
treatments_cryoprecipitatevolacc,daily,,radio,Is the Cryoprecipitate volume measured or estimated?,"1, Measured | 2, Estimated",,,,,,[treatments_bloodtransftype(2)] = '1',y,RH,,,,
treatments_wholebloodvol,daily,,text,Whole blood/packed RBC volume,,,,,,,[treatments_bloodtransftype(3)] = '1',y,,,,,
treatments_wholebloodvolacc,daily,,radio,Is the whole blood/packed RBC  volume measured or estimated?,"1, Measured | 2, Estimated",,,,,,[treatments_bloodtransftype(3)] = '1',y,RH,,,,
treatments_plasmavol,daily,,text,Frozen fresh plasma volume,,,,,,,[treatments_bloodtransftype(4)] = '1',y,,,,,
treatments_plasmavolacc,daily,,radio,Is the frozen fresh plasma  volume measured or estimated?,"1, Measured | 2, Estimated",,,,,,[treatments_bloodtransftype(4)] = '1',y,RH,,,,
treatments_fibrinogenvol,daily,,text,Fibrinogen concentrate volume,,,,,,,[treatments_bloodtransftype(5)] = '1',y,,,,,
treatments_fibrinogenvolacc,daily,,radio,Is the fibrinogen concentrate volume measured or estimated?,"1, Measured | 2, Estimated",,,,,,[treatments_bloodtransftype(5)] = '1',y,RH,,,,
treatments_intravenimunoglobul,daily,,radio,Intravenous Immunoglobulin?,"1, Yes | 0, No",,,,,,[inclusioncriteria_disease(4)] = '1' and [daily_datatype(2)]='1',y,RH,,,,
treatments_plasmapheresis,daily,,radio,Plasmapheresis/Plasma Exchange? ,"1, Yes | 0, No",,,,,,[inclusioncriteria_disease(4)] = '1' and [daily_datatype(2)]='1',y,RH,,,,
treatments_antibiotics,daily,,radio,Antibiotics? ,"1, Yes | 0, No",,,,,,[daily_datatype(2)]='1',y,RH,,,,
treatments_steroids,daily,,radio,Steroids? ,"1, Yes | 0, No",,,,,,[daily_datatype(2)]='1',y,RH,,,,
treatments_neuromuscularblocking,daily,,radio,Neuromuscular blocking agents?,"1, Yes | 0, No",,,,,,[daily_datatype(2)]='1',y,RH,,,,
labs_haemoglobin,daily,"LABORATORY RESULTS 
(Record the value furthest from normal range between 00:00 to 24:00 on day of assessment)
",text,Haemoglobin,,,number,,,,[daily_datatype(3)]='1',y,,,,,
labs_haemoglobinunits,daily,,radio,Haemoglobin Units,"1, g/dL | 2, g/L | 3, mmol/L | 4, Other",,,,,,[daily_datatype(3)]='1',y,RV,,,,
labs_haemoglobinotherunit,daily,,text,Specify Haemoglobin Units,,,,,,,[labs_haemoglobinunits]='4',y,,,,,
labs_wbccount,daily,,text,WBC count,,,number,,,,[daily_datatype(3)]='1',y,,,,,
labs_wbccountunits,daily,,radio,WBC count Units,"1, 10^9/L | 2, Other",,,,,,[daily_datatype(3)]='1',y,RH,,,,
labs_wbccountotherunit,daily,,text,Specify WBC count Units,,,,,,,[labs_wbccountunits]='2',y,,,,,
labs_lymphocytes,daily,,text,Lymphocytes,,,number,,,,[daily_datatype(3)]='1',y,,,,,
labs_lymphocytesunits,daily,,radio,Lymphocytes Units,"1, 10^9/L | 2, 10^6/L | 3, cells/uL | 4, 10^3/uL | 5, Other",,,,,,[daily_datatype(3)]='1',y,RV,,,,
labs_lymphocytesotherunit,daily,,text,Specify Lymphocytes Units,,,,,,,[labs_lymphocytesunits]='5',y,,,,,
labs_neutrophils,daily,,text,Neutrophils,,,number,,,,[daily_datatype(3)]='1',y,,,,,
labs_neutrophilsunits,daily,,radio,Neutrophils Units,"1, 10^9/L | 2, 10^6/L | 3, cells/uL | 4, 10^3/uL | 5, Other",,,,,,[daily_datatype(3)]='1',y,RV,,,,
labs_neutrophilsotherunit,daily,,text,Specify Neutrophils Units,,,,,,,[labs_neutrophilsunits]='5',y,,,,,
labs_hematocrit,daily,,text,Hematocrit,,,number,,,,[daily_datatype(3)]='1',y,,,,,
labs_hematocritunits,daily,,radio,Hematocrit Units,"1, % | 2, fraction of 1 | 3, L/L | 4, Other",,,,,,[daily_datatype(3)]='1',y,RV,,,,
labs_hematocritotherunit,daily,,text,Specify Hematocrit Units,,,,,,,[labs_hematocritunits]='4',y,,,,,
labs_platelets,daily,,text,Platelets,,,number,,,,[daily_datatype(3)]='1',y,,,,,
labs_plateletsunits,daily,,radio,Platelets Units,"1, 10^9/L | 2, 10^6/L | 3, 10^3/uL | 4, Other",,,,,,[daily_datatype(3)]='1',y,RV,,,,
labs_plateletsotherunit,daily,,text,Specify Platelets Units,,,,,,,[labs_plateletsunits]='4',y,,,,,
labs_activatedpartialthromboplastintime,daily,,text,Activated Partial Thromboplastin Time,,,number,,,,[daily_datatype(3)]='1',y,,,,,
labs_activatedpartialthromboplastintimeunits,daily,,radio,Activated Partial Thromboplastin Time Units,"1, sec | 2, Other",,,,,,[daily_datatype(3)]='1',y,RH,,,,
labs_activatedpartialthromboplastintimeotherunit,daily,,text,Specify Activated Partial Thromboplastin Time Units,,,,,,,[labs_activatedpartialthromboplastintimeunits]='2',y,,,,,
labs_aptr,daily,,text,APTR,,,number,,,,[daily_datatype(3)]='1',y,,,,,
labs_aptrotherunit,daily,,text,Specify APTR Units,,,,,,,[daily_datatype(3)]='1',y,,,,,
labs_prothrombintime,daily,,text,Prothrombin Time,,,number,,,,[daily_datatype(3)]='1',y,,,,,
labs_prothrombintimeunits,daily,,radio,Prothrombin Time Units,"1, sec | 2, Other",,,,,,[daily_datatype(3)]='1',y,RH,,,,
labs_prothrombintimeotherunit,daily,,text,Specify Prothrombin Time Units,,,,,,,[labs_prothrombintimeunits]='2',y,,,,,
labs_tqinr,daily,,text,TQ/INR,,,number,,,,[daily_datatype(3)]='1',y,,,,,
labs_tqinrotherunit,daily,,text,Specify TQ/INR Units,,,,,,,[daily_datatype(3)]='1',y,,,,,
labs_altsgpt,daily,,text,ALT/SGPT,,,number,,,,[daily_datatype(3)]='1',y,,,,,
labs_altsgptunits,daily,,radio,ALT/SGPT Units,"1, U/L | 2, Other",,,,,,[daily_datatype(3)]='1',y,RH,,,,
labs_altsgptotherunit,daily,,text,Specify ALT/SGPT Units,,,,,,,[labs_altsgptunits]='2',y,,,,,
labs_bilirubin,daily,,text,Bilirubin,,,number,,,,[daily_datatype(3)]='1',y,,,,,
labs_bilirubinunits,daily,,radio,Bilirubin Units,"1, umol/L | 2, mg/dL | 3, Other",,,,,,[daily_datatype(3)]='1',y,RH,,,,
labs_bilirubinotherunit,daily,,text,Specify Bilirubin Units,,,,,,,[labs_bilirubinunits]='3',y,,,,,
labs_astsgot,daily,,text,AST/SGOT ,,,number,,,,[daily_datatype(3)]='1',y,,,,,
labs_astsgotunits,daily,,radio,AST/SGOT  Units,"1, U/L | 2, Other",,,,,,[daily_datatype(3)]='1',y,RH,,,,
labs_astsgototherunit,daily,,text,Specify AST/SGOT  Units,,,,,,,[labs_astsgotunits]='2',y,,,,,
labs_glucose,daily,,text,Glucose,,,number,,,,[daily_datatype(3)]='1',y,,,,,
labs_glucoseunits,daily,,radio,Glucose Units,"1, mmol/L | 2, mg/dL | 3, g/L | 4, Other",,,,,,[daily_datatype(3)]='1',y,RV,,,,
labs_glucoseotherunit,daily,,text,Specify Glucose Units,,,,,,,[labs_glucoseunits]='4',y,,,,,
labs_gammaglutamyltransferase,daily,,text,Gamma Glutamyl Transferase,,,number,,,,[daily_datatype(3)]='1',y,,,,,
labs_gammaglutamyltransferaseunits,daily,,radio,Gamma Glutamyl Transferase Units,"1, U/L | 2, Other",,,,,,[daily_datatype(3)]='1',y,RH,,,,
labs_gammaglutamyltransferaseotherunit,daily,,text,Specify Gamma Glutamyl Transferase Units,,,,,,,[labs_gammaglutamyltransferaseunits]='2',y,,,,,
labs_urea,daily,,text,Urea,,,number,,,,[daily_datatype(3)]='1',y,,,,,
labs_ureaunits,daily,,radio,Urea Units,"1, mmol/L | 2, Other",,,,,,[daily_datatype(3)]='1',y,RH,,,,
labs_ureaotherunit,daily,,text,Specify Urea Units,,,,,,,[labs_ureaunits]='2',y,,,,,
labs_lactate,daily,,text,Lactate,,,number,,,,[daily_datatype(3)]='1',y,,,,,
labs_lactateunits,daily,,radio,Lactate Units,"1, mmol/L | 2, Other",,,,,,[daily_datatype(3)]='1',y,RH,,,,
labs_lactateotherunit,daily,,text,Specify Lactate Units,,,,,,,[labs_lactateunits]='2',y,,,,,
labs_creatinine,daily,,text,Creatinine,,,number,,,,[daily_datatype(3)]='1',y,,,,,
labs_creatinineunits,daily,,radio,Creatinine Units,"1, umol/L | 2, mg/dL | 3, umol | 4, Other",,,,,,[daily_datatype(3)]='1',y,RV,,,,
labs_creatinineotherunit,daily,,text,Specify Creatinine Units,,,,,,,[labs_creatinineunits]='4',y,,,,,
labs_sodium,daily,,text,Sodium,,,number,,,,[daily_datatype(3)]='1',y,,,,,
labs_sodiumunits,daily,,radio,Sodium Units,"1, mmol/L | 2, mEq/L | 3, Other",,,,,,[daily_datatype(3)]='1',y,RH,,,,
labs_sodiumotherunit,daily,,text,Specify Sodium Units,,,,,,,[labs_sodiumunits]='3',y,,,,,
labs_potassium,daily,,text,Potassium,,,number,,,,[daily_datatype(3)]='1',y,,,,,
labs_potassiumunits,daily,,radio,Potassium Units,"1, mmol/L | 2, mEq/L | 3, Other",,,,,,[daily_datatype(3)]='1',y,RH,,,,
labs_potassiumotherunit,daily,,text,Specify Potassium Units,,,,,,,[labs_potassiumunits]='3',y,,,,,
labs_procalcitonin,daily,,text,Procalcitonin,,,number,,,,[daily_datatype(3)]='1',y,,,,,
labs_procalcitoninunits,daily,,radio,Procalcitonin Units,"1, ug/L | 2, ng/mL | 3, Other",,,,,,[daily_datatype(3)]='1',y,RH,,,,
labs_procalcitoninotherunit,daily,,text,Specify Procalcitonin Units,,,,,,,[labs_procalcitoninunits]='3',y,,,,,
labs_creactiveprotein,daily,,text,C Reactive Protein,,,number,,,,[daily_datatype(3)]='1',y,,,,,
labs_creactiveproteinunits,daily,,radio,C Reactive Protein Units,"1, mg/L | 2, mg/dL | 3, Other",,,,,,[daily_datatype(3)]='1',y,RH,,,,
labs_creactiveproteinotherunit,daily,,text,Specify C Reactive Protein Units,,,,,,,[labs_creactiveproteinunits]='3',y,,,,,
labs_lactatedehydrogenase,daily,,text,Lactate Dehydrogenase,,,number,,,,[daily_datatype(3)]='1',y,,,,,
labs_lactatedehydrogenaseunits,daily,,radio,Lactate Dehydrogenase Units,"1, U/L | 2, IU/L | 3, Other",,,,,,[daily_datatype(3)]='1',y,RH,,,,
labs_lactatedehydrogenaseotherunit,daily,,text,Specify Lactate Dehydrogenase Units,,,,,,,[labs_lactatedehydrogenaseunits]='3',y,,,,,
labs_creatinekinase,daily,,text,Creatine Kinase,,,number,,,,[daily_datatype(3)]='1',y,,,,,
labs_creatinekinaseunits,daily,,radio,Creatine Kinase Units,"1, U/L | 2, IU/L | 3, Other",,,,,,[daily_datatype(3)]='1',y,RH,,,,
labs_creatinekinaseotherunit,daily,,text,Specify Creatine Kinase Units,,,,,,,[labs_creatinekinaseunits]='3',y,,,,,
labs_troponin,daily,,text,Troponin,,,number,,,,[daily_datatype(3)]='1',y,,,,,
labs_troponinunits,daily,,radio,Troponin Units,"1, ng/L | 2, ng/mL | 3, ug/L | 4, Other",,,,,,[daily_datatype(3)]='1',y,RV,,,,
labs_troponinotherunit,daily,,text,Specify Troponin Units,,,,,,,[labs_troponinunits]='4',y,,,,,
labs_ddimer,daily,,text,D-Dimer,,,number,,,,[daily_datatype(3)]='1',y,,,,,
labs_ddimerunits,daily,,radio,D-Dimer Units,"1, mg/L | 2, ug/L | 3, ng/mL | 4, Other",,,,,,[daily_datatype(3)]='1',y,RV,,,,
labs_ddimerotherunit,daily,,text,Specify D-Dimer Units,,,,,,,[labs_ddimerunits]='4',y,,,,,
labs_ferritin,daily,,text,Ferritin,,,number,,,,[daily_datatype(3)]='1',y,,,,,
labs_ferritinunits,daily,,radio,Ferritin Units,"1, ug/L | 2, ng/mL | 3, Other",,,,,,[daily_datatype(3)]='1',y,RH,,,,
labs_ferritinotherunit,daily,,text,Specify Ferritin Units,,,,,,,[labs_ferritinunits]='3',y,,,,,
labs_interleukin6,daily,,text,Interleukin 6,,,number,,,,[daily_datatype(3)]='1',y,,,,,
labs_interleukin6units,daily,,radio,Interleukin 6 Units,"1, ng/L | 2, ng/mL | 3, Other",,,,,,[daily_datatype(3)]='1',y,RH,,,,
labs_interleukin6otherunit,daily,,text,Specify Interleukin 6 Units,,,,,,,[labs_interleukin6units]='3',y,,,,,
labs_fibrinogen,daily,,text,Fibrinogen,,,number,,,,[daily_datatype(3)]='1',y,,,,,
labs_fibrinogenunits,daily,,radio,Fibrinogen Units,"1, g/L | 2, mg/dL | 3, Other",,,,,,[daily_datatype(3)]='1',y,RH,,,,
labs_fibrinogenotherunit,daily,,text,Specify Fibrinogen Units,,,,,,,[labs_fibrinogenunits]='3',y,,,,,
labs_albumin,daily,,text,Albumin,,,number,,,,[daily_datatype(3)]='1',y,,,,,
labs_albuminunits,daily,,radio,Albumin Units,"1, g/dL | 2, mmol/L | 3, g/L | 4, Other",,,,,,[daily_datatype(3)]='1',y,RV,,,,
labs_albuminotherunit,daily,,text,Specify Albumin Units,,,,,,,[labs_albuminunits]='4',y,,,,,
labs_protein,daily,,text,Protein,,,number,,,,[daily_datatype(3)]='1',y,,,,,
labs_proteinunits,daily,,radio,Protein Units,"1, g/L | 2, Other",,,,,,[daily_datatype(3)]='1',y,RH,,,,
labs_proteinotherunit,daily,,text,Specify Protein Units,,,,,,,[labs_proteinunits]='2',y,,,,,
labs_partialpressurecarbondioxide,daily,,text,Partial Pressure Carbon Dioxide,,,number,,,,[daily_datatype(3)]='1',y,,,,,
labs_partialpressurecarbondioxideunits,daily,,radio,Partial Pressure Carbon Dioxide Units,"1, mmHg | 2, kPa | 3, Other",,,,,,[daily_datatype(3)]='1',y,RH,,,,
labs_partialpressurecarbondioxideotherunit,daily,,text,Specify Partial Pressure Carbon Dioxide Units,,,,,,,[labs_partialpressurecarbondioxideunits]='3',y,,,,,
labs_ph,daily,,text,pH,,,number,,,,[daily_datatype(3)]='1',y,,,,,
labs_bicarbonate,daily,,text,Bicarbonate,,,number,,,,[daily_datatype(3)]='1',y,,,,,
labs_bicarbonateunits,daily,,radio,Bicarbonate Units,"1, mmol/L | 2, mEq/L | 3, Other",,,,,,[daily_datatype(3)]='1',y,RH,,,,
labs_bicarbonateotherunit,daily,,text,Specify Bicarbonate Units,,,,,,,[labs_bicarbonateunits]='3',y,,,,,
labs_baseexcess,daily,,text,Base Excess,,,number,,,,[daily_datatype(3)]='1',y,,,,,
labs_baseexcessunits,daily,,radio,Base Excess Units,"1, mmol/L | 2, Other",,,,,,[daily_datatype(3)]='1',y,RH,,,,
labs_baseexcessotherunit,daily,,text,Specify Base Excess Units,,,,,,,[labs_baseexcessunits]='2',y,,,,,
labs_leukocytes,daily,,text,Leukocytes,,,number,,,,[daily_datatype(3)]='1',y,,,,,
labs_leukocytesunits,daily,,radio,Leukocytes Units,"1, 10^9/L | 2, 10^6/L | 3, 10^3/uL | 4, Other",,,,,,[daily_datatype(3)]='1',y,RV,,,,
labs_leukocytesotherunit,daily,,text,Specify Leukocytes Units,,,,,,,[labs_leukocytesunits]='4',y,,,,,
labs_alanineaminotransferase,daily,,text,Alanine Aminotransferase,,,number,,,,[daily_datatype(3)]='1',y,,,,,
labs_alanineaminotransferaseunits,daily,,radio,Alanine Aminotransferase Units,"1, U/L | 2, IU/L | 3, Other",,,,,,[daily_datatype(3)]='1',y,RH,,,,
labs_alanineaminotransferaseotherunit,daily,,text,Specify Alanine Aminotransferase Units,,,,,,,[labs_alanineaminotransferaseunits]='3',y,,,,,
labs_aspartateaminotransferase,daily,,text,Aspartate Aminotransferase,,,number,,,,[daily_datatype(3)]='1',y,,,,,
labs_aspartateaminotransferaseunits,daily,,radio,Aspartate Aminotransferase Units,"1, U/L | 2, IU/L | 3, Other",,,,,,[daily_datatype(3)]='1',y,RH,,,,
labs_aspartateaminotransferaseotherunit,daily,,text,Specify Aspartate Aminotransferase Units,,,,,,,[labs_aspartateaminotransferaseunits]='3',y,,,,,
labs_prothrombinintlnormalizedratio,daily,,text,Prothrombin Intl. Normalized Ratio,,,number,,,,[daily_datatype(3)]='1',y,,,,,
labs_prothrombinintlnormalizedratiounits,daily,,radio,Prothrombin Intl. Normalized Ratio Units,"1, Ratio | 2, Other",,,,,,[daily_datatype(3)]='1',y,RH,,,,
labs_prothrombinintlnormalizedratiootherunit,daily,,text,Specify Prothrombin Intl. Normalized Ratio Units,,,,,,,[labs_prothrombinintlnormalizedratiounits]='2',y,,,,,
labs_lacticacid,daily,,text,Lactic Acid,,,number,,,,[daily_datatype(3)]='1',y,,,,,
labs_lacticacidunits,daily,,radio,Lactic Acid Units,"1, mmol/L | 2, mg/dL | 3, umol/L | 4, Other",,,,,,[daily_datatype(3)]='1',y,RV,,,,
labs_lacticacidotherunit,daily,,text,Specify Lactic Acid Units,,,,,,,[labs_lacticacidunits]='4',y,,,,,
labs_ureanitrogen,daily,,text,Urea Nitrogen,,,number,,,,[daily_datatype(3)]='1',y,,,,,
labs_ureanitrogenunits,daily,,radio,Urea Nitrogen Units,"1, mmol/L | 2, mg/dL | 3, g/L | 4, Other",,,,,,[daily_datatype(3)]='1',y,RV,,,,
labs_ureanitrogenotherunit,daily,,text,Specify Urea Nitrogen Units,,,,,,,[labs_ureanitrogenunits]='4',y,,,,,
labs_partialpressureoxygen,daily,,text,Partial Pressure Oxygen,,,number,,,,[daily_datatype(3)]='1',y,,,,,
labs_partialpressureoxygenunits,daily,,radio,Partial Pressure Oxygen Units,"1, mmHg | 2, kPa | 3, Other",,,,,,[daily_datatype(3)]='1',y,RH,,,,
labs_partialpressureoxygenotherunit,daily,,text,Specify Partial Pressure Oxygen Units,,,,,,,[labs_partialpressureoxygenunits]='3',y,,,,,
labs_lymphocytesleukocytes,daily,,text,Lymphocytes/Leukocytes,,,number,,,,[daily_datatype(3)]='1',y,,,,,
labs_lymphocytesleukocytesunits,daily,,radio,Lymphocytes/Leukocytes Units,"1, % | 2, Other",,,,,,[daily_datatype(3)]='1',y,RH,,,,
labs_lymphocytesleukocytesotherunit,daily,,text,Specify Lymphocytes/Leukocytes Units,,,,,,,[labs_lymphocytesleukocytesunits]='2',y,,,,,
labs_neutrophilsleukocytes,daily,,text,Neutrophils/Leukocytes,,,number,,,,[daily_datatype(3)]='1',y,,,,,
labs_neutrophilsleukocytesunits,daily,,radio,Neutrophils/Leukocytes Units,"1, % | 2, Other",,,,,,[daily_datatype(3)]='1',y,RH,,,,
labs_neutrophilsleukocytesotherunit,daily,,text,Specify Neutrophils/Leukocytes Units,,,,,,,[labs_neutrophilsleukocytesunits]='2',y,,,,,
labs_activatedpttstandard,daily,,text,Activated PTT/Standard,,,number,,,,[daily_datatype(3)]='1',y,,,,,
labs_activatedpttstandardunits,daily,,radio,Activated PTT/Standard Units,"1, RATIO | 2, Other",,,,,,[daily_datatype(3)]='1',y,RH,,,,
labs_activatedpttstandardotherunit,daily,,text,Specify Activated PTT/Standard Units,,,,,,,[labs_activatedpttstandardunits]='2',y,,,,,
labs_eosinophils,daily,,text,Eosinophils,,,number,,,,[daily_datatype(3)]='1',y,,,,,
labs_eosinophilsunits,daily,,radio,Eosinophils Units,"1, 10^9/L | 2, Other",,,,,,[daily_datatype(3)]='1',y,RH,,,,
labs_eosinophilsotherunit,daily,,text,Specify Eosinophils Units,,,,,,,[labs_eosinophilsunits]='2',y,,,,,
labs_haemoglobina1c,daily,,text,Haemoglobin A1C,,,number,,,,[daily_datatype(3)]='1',y,,,,,
labs_haemoglobina1cunits,daily,,radio,Haemoglobin A1C Units,"1, % | 2, mmol/mol | 3, Other",,,,,,[daily_datatype(3)]='1',y,RH,,,,
labs_haemoglobina1cotherunit,daily,,text,Specify Haemoglobin A1C Units,,,,,,,[labs_haemoglobina1cunits]='3',y,,,,,
labs_erythrocytesedimentationrate,daily,,text,Erythrocyte Sedimentation Rate,,,number,,,,[daily_datatype(3)]='1',y,,,,,
labs_erythrocytesedimentationrateunits,daily,,radio,Erythrocyte Sedimentation Rate Units,"1, mm/h | 2, Other",,,,,,[daily_datatype(3)]='1',y,RH,,,,
labs_erythrocytesedimentationrateotherunit,daily,,text,Specify Erythrocyte Sedimentation Rate Units,,,,,,,[labs_erythrocytesedimentationrateunits]='3',y,,,,,
labs_cd4,daily,,text,CD4,,,number,,,,[daily_datatype(3)]='1',y,,,,,
labs_cd4units,daily,,radio,CD4 Units,"1, 10^6/L | 2, Other",,,,,,[daily_datatype(3)]='1',y,RH,,,,
labs_cd4otherunit,daily,,text,Specify CD4 Units,,,,,,,[labs_cd4units]='2',y,,,,,
labs_oxygensaturation,daily,,text,Oxygen Saturation,,,number,,,,[daily_datatype(3)]='1',y,,,,,
labs_oxygensaturationunits,daily,,radio,Oxygen Saturation Units,"1, % | 2, Other",,,,,,[daily_datatype(3)]='1',y,RH,,,,
labs_oxygensaturationotherunit,daily,,text,Specify Oxygen Saturation Units,,,,,,,[labs_oxygensaturationunits]='2',y,,,,,
labs_alkalinephosphatase,daily,,text,Alkaline Phosphatase,,,number,,,,[daily_datatype(3)]='1',y,,,,,
labs_alkalinephosphataseunits,daily,,radio,Alkaline Phosphatase Units,"1, U/L | 2, Other",,,,,,[daily_datatype(3)]='1',y,RH,,,,
labs_alkalinephosphataseotherunit,daily,,text,Specify Alkaline Phosphatase Units,,,,,,,[labs_alkalinephosphataseunits]='2',y,,,,,
labs_cholesterol,daily,,text,Cholesterol,,,number,,,,[daily_datatype(3)]='1',y,,,,,
labs_cholesterolunits,daily,,radio,Cholesterol Units,"1, mmol/L | 2, Other",,,,,,[daily_datatype(3)]='1',y,RH,,,,
labs_cholesterolotherunit,daily,,text,Specify Cholesterol Units,,,,,,,[labs_cholesterolunits]='2',y,,,,,
labs_magnesium,daily,,text,Magnesium,,,number,,,,[daily_datatype(3)]='1',y,,,,,
labs_magnesiumunits,daily,,radio,Magnesium Units,"1, mmol/L | 2, Other",,,,,,[daily_datatype(3)]='1',y,RH,,,,
labs_magnesiumotherunit,daily,,text,Specify Magnesium Units,,,,,,,[labs_magnesiumunits]='2',y,,,,,
labs_monocytes,daily,,text,Monocytes,,,number,,,,[daily_datatype(3)]='1',y,,,,,
labs_monocytesunits,daily,,radio,Monocytes Units,"1, 10^9/L | 2, 10^6/L | 3, Other",,,,,,[daily_datatype(3)]='1',y,RH,,,,
labs_monocytesotherunit,daily,,text,Specify Monocytes Units,,,,,,,[labs_monocytesunits]='3',y,,,,,
labs_monocytesleukocytes,daily,,text,Monocytes/Leukocytes,,,number,,,,[daily_datatype(3)]='1',y,,,,,
labs_monocytesleukocytesunits,daily,,radio,Monocytes/Leukocytes Units,"1, % | 2, Other",,,,,,[daily_datatype(3)]='1',y,RH,,,,
labs_monocytesleukocytesotherunit,daily,,text,Specify Monocytes/Leukocytes Units,,,,,,,[labs_monocytesleukocytesunits]='2',y,,,,,
labs_eosinophilsleukocytes,daily,,text,Eosinophils/Leukocytes,,,number,,,,[daily_datatype(3)]='1',y,,,,,
labs_eosinophilsleukocytesunits,daily,,radio,Eosinophils/Leukocytes Units,"1, % | 2, Other",,,,,,[daily_datatype(3)]='1',y,RH,,,,
labs_eosinophilsleukocytesotherunit,daily,,text,Specify Eosinophils/Leukocytes Units,,,,,,,[labs_eosinophilsleukocytesunits]='2',y,,,,,
labs_hco3,daily,,text,HCO3- ,,,number,,,,[daily_datatype(3)]='1',y,,,,,
labs_hco3units,daily,,radio,HCO3-  Units,"1, mEq/L | 2, mmol/L | 3, Other",,,,,,[daily_datatype(3)]='1',y,RH,,,,
labs_hco3otherunit,daily,,text,Specify HCO3-  Units,,,,,,,[labs_hco3units]='3',y,,,,,
labs_basophilsleukocytes,daily,,text,Basophils/Leukocytes,,,number,,,,[daily_datatype(3)]='1',y,,,,,
labs_basophilsleukocytesunits,daily,,radio,Basophils/Leukocytes Units,"1, % | 2, Other",,,,,,[daily_datatype(3)]='1',y,RH,,,,
labs_basophilsleukocytesotherunit,daily,,text,Specify Basophils/Leukocytes Units,,,,,,,[labs_basophilsleukocytesunits]='2',y,,,,,
labs_erymeancorpuscularvolume,daily,,text,Ery. Mean Corpuscular Volume,,,number,,,,[daily_datatype(3)]='1',y,,,,,
labs_erymeancorpuscularvolumeunits,daily,,radio,Ery. Mean Corpuscular Volume Units,"1, fL | 2, Other",,,,,,[daily_datatype(3)]='1',y,RH,,,,
labs_erymeancorpuscularvolumeotherunit,daily,,text,Specify Ery. Mean Corpuscular Volume Units,,,,,,,[labs_erymeancorpuscularvolumeunits]='2',y,,,,,
labs_troponint,daily,,text,Troponin T,,,number,,,,[daily_datatype(3)]='1',y,,,,,
labs_troponintunits,daily,,radio,Troponin T Units,"1, ng/L | 2, Other",,,,,,[daily_datatype(3)]='1',y,RH,,,,
labs_troponintotherunit,daily,,text,Specify Troponin T Units,,,,,,,[labs_troponintunits]='2',y,,,,,
labs_basophils,daily,,text,Basophils,,,number,,,,[daily_datatype(3)]='1',y,,,,,
labs_basophilsunits,daily,,radio,Basophils Units,"1, 10^9/L | 2, Other",,,,,,[daily_datatype(3)]='1',y,RH,,,,
labs_basophilsotherunit,daily,,text,Specify Basophils Units,,,,,,,[labs_basophilsunits]='2',y,,,,,
labs_prothrombinintlnormalisedratio,daily,,text,Prothrombin Intl. Normalised Ratio,,,number,,,,[daily_datatype(3)]='1',y,,,,,
labs_prothrombinintlnormalisedratiounits,daily,,radio,Prothrombin Intl. Normalised Ratio Units,"1, RATIO | 2, Other",,,,,,[daily_datatype(3)]='1',y,RH,,,,
labs_prothrombinintlnormalisedratiootherunit,daily,,text,Specify Prothrombin Intl. Normalised Ratio Units,,,,,,,[labs_prothrombinintlnormalisedratiounits]='2',y,,,,,
labs_auerrods,daily,,text,Auer Rods,,,number,,,,[daily_datatype(3)]='1',y,,,,,
labs_auerrodsunits,daily,,radio,Auer Rods Units,"1, 10^6/L | 2, Other",,,,,,[daily_datatype(3)]='1',y,RH,,,,
labs_auerrodsotherunit,daily,,text,Specify Auer Rods Units,,,,,,,[labs_auerrodsunits]='2',y,,,,,
labs_pparterialo2fractioninspiredo2,daily,,text,PP Arterial O2/Fraction Inspired O2,,,number,,,,[daily_datatype(3)]='1',y,,,,,
labs_pparterialo2fractioninspiredo2otherunit,daily,,text,Specify PP Arterial O2/Fraction Inspired O2 Units,,,,,,,[daily_datatype(3)]='1',y,,,,,
labs_fibrinogenfunctional,daily,,text,"Fibrinogen, Functional",,,number,,,,[daily_datatype(3)]='1',y,,,,,
labs_fibrinogenfunctionalotherunit,daily,,text,"Specify Fibrinogen, Functional Units",,,,,,,[daily_datatype(3)]='1',y,,,,,
labs_amylase,daily,,text,Amylase,,,number,,,,[daily_datatype(3)]='1',y,,,,,
labs_amylaseunits,daily,,radio,Amylase Units,"1, U/L | 2, Other",,,,,,[daily_datatype(3)]='1',y,RH,,,,
labs_amylaseotherunit,daily,,text,Specify Amylase Units,,,,,,,[labs_amylaseunits]='2',y,,,,,
labs_urate,daily,,text,Urate,,,number,,,,[daily_datatype(3)]='1',y,,,,,
labs_urateunits,daily,,radio,Urate Units,"1, umol/L | 2, Other",,,,,,[daily_datatype(3)]='1',y,RH,,,,
labs_urateotherunit,daily,,text,Specify Urate Units,,,,,,,[labs_urateunits]='2',y,,,,,
labs_troponinitype3,daily,,text,Troponin I Type 3,,,number,,,,[daily_datatype(3)]='1',y,,,,,
labs_troponinitype3units,daily,,radio,Troponin I Type 3 Units,"1, ng/l | 2, ng/L | 3, ng/ml | 4, Other",,,,,,[daily_datatype(3)]='1',y,RV,,,,
labs_troponinitype3otherunit,daily,,text,Specify Troponin I Type 3 Units,,,,,,,[labs_troponinitype3units]='4',y,,,,,
labs_prothrombintimeactualcontrol,daily,,text,Prothrombin Time Actual/Control,,,number,,,,[daily_datatype(3)]='1',y,,,,,
labs_prothrombintimeactualcontrolunits,daily,,radio,Prothrombin Time Actual/Control Units,"1, % | 2, Other",,,,,,[daily_datatype(3)]='1',y,RH,,,,
labs_prothrombintimeactualcontrolotherunit,daily,,text,Specify Prothrombin Time Actual/Control Units,,,,,,,[labs_prothrombintimeactualcontrolunits]='2',y,,,,,
labs_thrombintime,daily,,text,Thrombin Time,,,number,,,,[daily_datatype(3)]='1',y,,,,,
labs_thrombintimeunits,daily,,radio,Thrombin Time Units,"1, sec | 2, Other",,,,,,[daily_datatype(3)]='1',y,RH,,,,
labs_thrombintimeotherunit,daily,,text,Specify Thrombin Time Units,,,,,,,[labs_thrombintimeunits]='2',y,,,,,
labs_platelethematocrit,daily,,text,Platelet Hematocrit,,,number,,,,[daily_datatype(3)]='1',y,,,,,
labs_platelethematocritunits,daily,,radio,Platelet Hematocrit Units,"1, % | 2, Other",,,,,,[daily_datatype(3)]='1',y,RH,,,,
labs_platelethematocritotherunit,daily,,text,Specify Platelet Hematocrit Units,,,,,,,[labs_platelethematocritunits]='2',y,,,,,
labs_neutrophilssegmented,daily,,text,"Neutrophils, Segmented",,,number,,,,[daily_datatype(3)]='1',y,,,,,
labs_neutrophilssegmentedunits,daily,,radio,"Neutrophils, Segmented Units","1, 10^6/L | 2, Other",,,,,,[daily_datatype(3)]='1',y,RH,,,,
labs_neutrophilssegmentedotherunit,daily,,text,"Specify Neutrophils, Segmented Units",,,,,,,[labs_neutrophilssegmentedunits]='2',y,,,,,
labs_calcium,daily,,text,Calcium,,,number,,,,[daily_datatype(3)]='1',y,,,,,
labs_calciumunits,daily,,radio,Calcium Units,"1, mmol/L | 2, Other",,,,,,[daily_datatype(3)]='1',y,RH,,,,
labs_calciumotherunit,daily,,text,Specify Calcium Units,,,,,,,[labs_calciumunits]='2',y,,,,,
labs_erymeancorpuscularhgbconcentration,daily,,text,Ery. Mean Corpuscular HGB Concentration,,,number,,,,[daily_datatype(3)]='1',y,,,,,
labs_erymeancorpuscularhgbconcentrationunits,daily,,radio,Ery. Mean Corpuscular HGB Concentration Units,"1, g/L | 2, Other",,,,,,[daily_datatype(3)]='1',y,RH,,,,
labs_erymeancorpuscularhgbconcentrationotherunit,daily,,text,Specify Ery. Mean Corpuscular HGB Concentration Units,,,,,,,[labs_erymeancorpuscularhgbconcentrationunits]='2',y,,,,,
labs_iron,daily,,text,Iron,,,number,,,,[daily_datatype(3)]='1',y,,,,,
labs_ironunits,daily,,radio,Iron Units,"1, umol/L | 2, Other",,,,,,[daily_datatype(3)]='1',y,RH,,,,
labs_ironotherunit,daily,,text,Specify Iron Units,,,,,,,[labs_ironunits]='2',y,,,,,
labs_directbilirubin,daily,,text,Direct Bilirubin,,,number,,,,[daily_datatype(3)]='1',y,,,,,
labs_directbilirubinunits,daily,,radio,Direct Bilirubin Units,"1, umol/L | 2, Other",,,,,,[daily_datatype(3)]='1',y,RH,,,,
labs_directbilirubinotherunit,daily,,text,Specify Direct Bilirubin Units,,,,,,,[labs_directbilirubinunits]='2',y,,,,,
labs_erymeancorpuscularhemoglobin,daily,,text,Ery. Mean Corpuscular Hemoglobin,,,number,,,,[daily_datatype(3)]='1',y,,,,,
labs_erymeancorpuscularhemoglobinunits,daily,,radio,Ery. Mean Corpuscular Hemoglobin Units,"1, pg | 2, Other",,,,,,[daily_datatype(3)]='1',y,RH,,,,
labs_erymeancorpuscularhemoglobinotherunit,daily,,text,Specify Ery. Mean Corpuscular Hemoglobin Units,,,,,,,[labs_erymeancorpuscularhemoglobinunits]='2',y,,,,,
labs_erythrocytes,daily,,text,Erythrocytes,,,number,,,,[daily_datatype(3)]='1',y,,,,,
labs_erythrocytesunits,daily,,radio,Erythrocytes Units,"1, 10^12/L | 2, Other",,,,,,[daily_datatype(3)]='1',y,RH,,,,
labs_erythrocytesotherunit,daily,,text,Specify Erythrocytes Units,,,,,,,[labs_erythrocytesunits]='2',y,,,,,
labs_erythrocytesdistributionwidth,daily,,text,Erythrocytes Distribution Width,,,number,,,,[daily_datatype(3)]='1',y,,,,,
labs_erythrocytesdistributionwidthunits,daily,,radio,Erythrocytes Distribution Width Units,"1, % | 2, Other",,,,,,[daily_datatype(3)]='1',y,RH,,,,
labs_erythrocytesdistributionwidthotherunit,daily,,text,Specify Erythrocytes Distribution Width Units,,,,,,,[labs_erythrocytesdistributionwidthunits]='2',y,,,,,
labs_glomerularfiltrationrateestimated,daily,,text,"Glomerular Filtration Rate, Estimated",,,number,,,,[daily_datatype(3)]='1',y,,,,,
labs_glomerularfiltrationrateestimatedunits,daily,,radio,"Glomerular Filtration Rate, Estimated Units","1, mL/min/1.73m2 | 2, Other",,,,,,[daily_datatype(3)]='1',y,RH,,,,
labs_glomerularfiltrationrateestimatedotherunit,daily,,text,"Specify Glomerular Filtration Rate, Estimated Units",,,,,,,[labs_glomerularfiltrationrateestimatedunits]='2',y,,,,,
labs_deoxyhemoglobin,daily,,text,Deoxyhemoglobin,,,number,,,,[daily_datatype(3)]='1',y,,,,,
labs_deoxyhemoglobinunits,daily,,radio,Deoxyhemoglobin Units,"1, % | 2, Other",,,,,,[daily_datatype(3)]='1',y,RH,,,,
labs_deoxyhemoglobinotherunit,daily,,text,Specify Deoxyhemoglobin Units,,,,,,,[labs_deoxyhemoglobinunits]='2',y,,,,,
labs_calciumionized,daily,,text,"Calcium, Ionized",,,number,,,,[daily_datatype(3)]='1',y,,,,,
labs_calciumionizedunits,daily,,radio,"Calcium, Ionized Units","1, mmol/L | 2, Other",,,,,,[daily_datatype(3)]='1',y,RH,,,,
labs_calciumionizedotherunit,daily,,text,"Specify Calcium, Ionized Units",,,,,,,[labs_calciumionizedunits]='2',y,,,,,
labs_chloride,daily,,text,Chloride,,,number,,,,[daily_datatype(3)]='1',y,,,,,
labs_chlorideunits,daily,,radio,Chloride Units,"1, mEq/L | 2, mmol/L | 3, Other",,,,,,[daily_datatype(3)]='1',y,RH,,,,
labs_chlorideotherunit,daily,,text,Specify Chloride Units,,,,,,,[labs_chlorideunits]='3',y,,,,,
labs_calciumionizedphadjusted,daily,,text,"Calcium, Ionized pH Adjusted",,,number,,,,[daily_datatype(3)]='1',y,,,,,
labs_calciumionizedphadjustedunits,daily,,radio,"Calcium, Ionized pH Adjusted Units","1, mmol/L | 2, Other",,,,,,[daily_datatype(3)]='1',y,RH,,,,
labs_calciumionizedphadjustedotherunit,daily,,text,"Specify Calcium, Ionized pH Adjusted Units",,,,,,,[labs_calciumionizedphadjustedunits]='2',y,,,,,
labs_carbondioxide,daily,,text,Carbon Dioxide,,,number,,,,[daily_datatype(3)]='1',y,,,,,
labs_carbondioxideunits,daily,,radio,Carbon Dioxide Units,"1, mmol/L | 2, Other",,,,,,[daily_datatype(3)]='1',y,RH,,,,
labs_carbondioxideotherunit,daily,,text,Specify Carbon Dioxide Units,,,,,,,[labs_carbondioxideunits]='2',y,,,,,
labs_oxyhemoglobin,daily,,text,Oxyhemoglobin,,,number,,,,[daily_datatype(3)]='1',y,,,,,
labs_oxyhemoglobinunits,daily,,radio,Oxyhemoglobin Units,"1, % | 2, Other",,,,,,[daily_datatype(3)]='1',y,RH,,,,
labs_oxyhemoglobinotherunit,daily,,text,Specify Oxyhemoglobin Units,,,,,,,[labs_oxyhemoglobinunits]='2',y,,,,,
labs_carboxyhemoglobin,daily,,text,Carboxyhemoglobin,,,number,,,,[daily_datatype(3)]='1',y,,,,,
labs_carboxyhemoglobinunits,daily,,radio,Carboxyhemoglobin Units,"1, % | 2, Other",,,,,,[daily_datatype(3)]='1',y,RH,,,,
labs_carboxyhemoglobinotherunit,daily,,text,Specify Carboxyhemoglobin Units,,,,,,,[labs_carboxyhemoglobinunits]='2',y,,,,,
labs_methemoglobin,daily,,text,Methemoglobin,,,number,,,,[daily_datatype(3)]='1',y,,,,,
labs_methemoglobinunits,daily,,radio,Methemoglobin Units,"1, % | 2, Other",,,,,,[daily_datatype(3)]='1',y,RH,,,,
labs_methemoglobinotherunit,daily,,text,Specify Methemoglobin Units,,,,,,,[labs_methemoglobinunits]='2',y,,,,,
labs_meanplateletvolume,daily,,text,Mean Platelet Volume,,,number,,,,[daily_datatype(3)]='1',y,,,,,
labs_meanplateletvolumeunits,daily,,radio,Mean Platelet Volume Units,"1, fL | 2, Other",,,,,,[daily_datatype(3)]='1',y,RH,,,,
labs_meanplateletvolumeotherunit,daily,,text,Specify Mean Platelet Volume Units,,,,,,,[labs_meanplateletvolumeunits]='2',y,,,,,
labs_cortisol,daily,,text,Cortisol,,,number,,,,[daily_datatype(3)]='1',y,,,,,
labs_cortisolunits,daily,,radio,Cortisol Units,"1, nmol/L | 2, Other",,,,,,[daily_datatype(3)]='1',y,RH,,,,
labs_cortisolotherunit,daily,,text,Specify Cortisol Units,,,,,,,[labs_cortisolunits]='2',y,,,,,
imaging_xray,daily,IMAGING,radio,Was a chest X-Ray performed?,"1, Yes | 0, No",,,,,,[daily_datatype(4)]='1',y,RH,,,,
imaging_xraydate,daily,,text,X-ray date ,,,date_dmy,,today,,[imaging_xray] = '1',y,,,,,
imaging_xrayresult,daily,,checkbox,X-Ray result,"1, Normal | 2, Pulmonary oedema | 3, Pneumonia | 4, Pleural effusion | 5, Other",,,,,,[imaging_xray] = '1',y,RV,,,,
imaging_xrayresultother,daily,,text,Please specify,,,,,,,[imaging_xrayresult(5)] = '1',y,,,,,
imaging_pleuraleffside,daily,,checkbox,On which side was pleural effusion identified? ,"1, Right | 2, Left",,,,,,[imaging_xrayresult(4)] = '1',y,RV,,,,
imaging_ct,daily,,radio,Was a CT performed?  ,"1, Yes | 0, No",,,,,,[daily_datatype(4)]='1',y,RH,,,,
imaging_ctdate,daily,,text,CT date ,,,date_dmy,,today,,[imaging_ct] = '1',y,,,,,
imaging_ctinfiltrates,daily,,radio,Were lung infiltrates present?,"1, Yes | 0, No",,,,,,[imaging_ct] = '1',y,RH,,,,
imaging_ultrasound,daily,,radio,Was an ultrasound performed?,"1, Yes | 0, No",,,,,,[inclusioncriteria_disease(4)] = '1' and [daily_datatype(4)]='1',y,RH,,,,
imaging_ultrasounddate,daily,,text,Ultrasound date ,,,date_dmy,,today,,[imaging_ultrasound] = '1',y,,,,,
imaging_ultrasoundresult,daily,,text,Ultrasound result:,,,,,,,[imaging_ultrasound] = '1',y,RH,,,,
imaging_ultrasoundascites,daily,,radio,Ascites,"1, Yes | 0, No",,,,,,[imaging_ultrasound] = '1',y,RH,,,,
imaging_ultrasoundascitessize,daily,,radio,Ascites size,"1, Small | 2, Moderate | 3, Severe",,,,,,[imaging_ultrasoundascites] = '1',y,RH,,,,
imaging_ultrasoundpleural,daily,,radio,Pleural effusion,"1, Yes | 0, No",,,,,,[imaging_ultrasound] = '1',y,RH,,,,
imaging_ultrasoundpleuralsizeright,daily,,text,Pleural effusion right size (cm),,,number,,,,[imaging_ultrasoundpleural] = '1',y,,,,,
imaging_ultrasoundpleuralsizeleft,daily,,text,Pleural effusion left size (cm),,,number,,,,[imaging_ultrasoundpleural] = '1',y,,,,,
imaging_ultrasoundpericardial,daily,,radio,Pericardial effusion,"1, Yes | 0, No",,,,,,[imaging_ultrasound] = '1',y,RH,,,,
imaging_ultrasoundpericardialsize,daily,,text,Pericardial effusion size (cm),,,number,,,,[imaging_ultrasoundpericardial] = '1',y,,,,,
imaging_liversize,daily,,text,Liver size (cm),,,number,,,,[imaging_ultrasound] = '1',y,,,,,
imaging_gallbladderwall,daily,,text,Gallbladder wall (cm),,,number,,,,[imaging_ultrasound] = '1',y,,,,,
imaging_unlisted,daily,,radio,Other finding,"1, Yes | 0, No",,,,,,[imaging_ultrasound] = '1',y,,,,,
imaging_unlistedother,daily,,text,Please specify,,,,,,,[imaging_unlisted] = '1',y,,,,,
medicationtype,outcome_medication,,radio,"While hospitalised or at discharge, were any of the following medication administered? ","1, Antiviral agent | 2, Convalescent plasma | 3, Antibiotic | 4, Corticosteroid | 5, Anticoagulation | 6, Antifungal agent | 7, Inotropes/vasopressor | 8, Other treatments for pathogen including experimental or compassionate use",,,,,,,y,,,,,
antiviralagent,outcome_medication,,radio,Antiviral agent? ,"1, Brincidofovir | 2, Chloroquine/hydroxychloroquine | 3, Cidofovir | 4, Interferon alpha | 5, Interferon beta | 6, Interleukin-6 (IL-6) inhibitor | 7, Lopinavir/Ritonavir | 8, Oseltamivir (Tamiflu) | 9, Remdesivir (Veklury) | 10, Ribavirin | 11, Sarilumab | 12, Tecovirimat | 13, Tocilizumab | 14, Zanamivir | 15, Other",,,,,,[medicationtype] = '1',y,,,,,
convalescentplasma,outcome_medication,,radio,Convalescent plasma? ,"1, Convalescent plasma | 2, Other",,,,,,[medicationtype] = '2',y,,,,,
antibioticagent,outcome_medication,,radio,Antibiotic,"1, Penicillins | 2, Cephalosporins | 3, Tetracyclines | 4, Aminoglycosides | 5, Macrolides | 6, Sulfonamides and trimethoprim | 7, Quinolones | 8, Other",,,,,,[medicationtype] = '3',y,,,,,
corticosteroid_agent,outcome_medication,,radio,Corticosteroid agent,"1, Dexamethasone | 2, Prednisolone | 3, Hydrocortisone | 4, Methylprednisolone | 5, Other",,,,,,[medicationtype] = '4',y,,,,,
anticoagulationagent,outcome_medication,,radio,Anticoagulation,"1, Apixaban | 2, Dabigatran | 3, Edoxaban | 4, Rivaroxaban | 5, Warfarin | 6, Other",,,,,,[medicationtype] = '5',y,,,,,
anticoagulationroute,outcome_medication,,radio,Anticoagulation route,"1, Oral | 2, Subcutaneous | 3, IV",,,,,,[medicationtype] = '5',y,,,,,
antifungalagent,outcome_medication,,radio,Antifungal agent,"1, Clotrimazole | 2, Econazole | 3, Miconazole | 4, Terbinafine | 5, Fluconazole | 6, Ketoconazole | 7, Nystatin | 8, Amphotericin | 9, Other",,,,,,[medicationtype] = '6',y,,,,,
inotropesvasopressor,outcome_medication,,radio,Inotropes/vasopressor,"1, Vasopressin | 2, Phenylephrine | 3, Epinephrine | 4, Norepinephrine | 5, Dopamine | 6, Angiotensin-II | 7, Terlipressin | 8, Other",,,,,,[medicationtype] = '7',y,,,,,
medicationother,outcome_medication,,text,Specify other medication,,,,,,,[medicationtype] = '8' or [convalescentplasma] = '2' or [antibioticagent] = '8' or [corticosteroid_agent] = '5' or [anticoagulationagent] = '6' or [antifungalagent] = '9' or [inotropesvasopressor] = '8' or [antiviralagent] = '15',y,,,,,
knownstardate,outcome_medication,,radio,Do you know the medication start date?,"1, Yes | 0, No",,,,,,,y,,,,,
medicationdate,outcome_medication,,text,Date started / first dose,,,date_dmy,,today,,[knownstardate] = '1',y,,,,,
numberofdays,outcome_medication,,text,Total number of days treatment given,,,number,,,,,y,,,,,
diagnostics_covid,outcome,,radio,SARS-CoV-2 (COVID-19),"1, Clinically assessed positive | 2, Lab positive | 3, Lab negative | 4, Not done",,,,,,,y,,,,,
diagnostics_influenza,outcome,,radio,Influenza,"1, Clinically assessed positive | 2, Lab positive | 3, Lab negative | 4, Not done",,,,,,,y,,,,,
diagnostics_influenzatype,outcome,,radio,Influenza type,"1, A-not typed | 2, A/H3N2 | 3, A/H1N1pdm09 | 4, A/H7N9 | 5, A/H5N1 | 6, B | 7, Other",,,,,,[diagnostics_influenza] = '2',y,,,,,
diagnostics_influenzatypeoth,outcome,,text,Please specify,,,,,,,[diagnostics_influenzatype]='7',y,,,,,
diagnostics_influenzasequen,outcome,,radio,Was sequencing done?  ,"1, Yes | 0, No",,,,,,[diagnostics_influenza] = '2',y,RH,,,,
diagnostics_influezaresult,outcome,,text,Influenza sequencing  result,,,,,,,[diagnostics_influenzasequen] = '1',y,,,,,
diagnostics_influenzaresistance,outcome,,radio,Was oseltamivir resistance identified? ,"1, Yes | 0, No",,,,,,[diagnostics_influenza] = '2',y,RH,,,,
diagnostics_influenzaidentmethod,outcome,,radio,what method was used to identify the influenza variant ?,"1, Genomic sequencing | 2, S-gene target failure (SGTF) testing | 3, PCR genotyping",,,,,,[diagnostics_influenzatype] = '1' and [diagnostics_influenzatype] = '2' and [diagnostics_influenzatype] = '3' and [diagnostics_influenzatype] = '4' and [diagnostics_influenzatype] = '5' and [diagnostics_influenzatype] = '6',y,,,,,
diagnostics_rsv,outcome,,radio,Respiratory Syncytial Virus (RSV),"1, Lab positive | 0, Lab negative | 2, Not done",,,,,,,y,,,,,
diagnostics_adenovirus,outcome,,radio,Adenovirus,"1, Lab positive | 0, Lab negative | 2, Not done",,,,,,,y,,,,,
diagnostics_mpox,outcome,,radio,Monkeypox virus,"1, Lab positive | 0, Lab negative | 2, Not done",,,,,,,y,,,,,
diagnostics_hepatitis,outcome,,radio,Hepatitis viruses,"1, Lab positive | 0, Lab negative | 2, Not done",,,,,,,y,,,,,
diagnostics_hepatitistype,outcome,,radio,Hepatitis type,"1, A | 2, B | 3, C | 4, D | 5, E | 6, Other",,,,,,[diagnostics_hepatitis] = '1',y,RH,,,,
diagnostics_hepatitistypeother,outcome,,text,Specify other type of hepatitis,,,,,,,[diagnostics_hepatitistype] = '6',y,RH,,,,
diagnostics_dengue,outcome,,radio,Dengue infection,"1, Tested | 0, Not done",,,,,,,y,RH,,,,
diagnostics_denguensirdt,outcome,,radio,NSI RDT,"1, Positive | 0, Negative | 2, Not done",,,,,,[diagnostics_dengue] = '1',y,RH,,,,
diagnosis_denguerdtns1,outcome,,radio,NS1/IgM/IgG combination test (RDT) - NS1,"1, Positive | 0, Negative | 2, Not done",,,,,,[diagnostics_dengue] = '1',y,RH,,,,
diagnosis_denguerdtigm,outcome,,radio,NS1/IgM/IgG combination test (RDT) - igM,"1, Positive | 0, Negative | 2, Not done",,,,,,[diagnostics_dengue] = '1',y,RH,,,,
diagnosis_denguerdtigg,outcome,,radio,NS1/IgM/IgG combination test (RDT) - igG,"1, Positive | 0, Negative | 2, Not done",,,,,,[diagnostics_dengue] = '1',y,RH,,,,
diagnosis_denguensielisa,outcome,,radio,NSI ELISA,"1, Positive | 0, Negative | 2, Not done",,,,,,[diagnostics_dengue] = '1',y,RH,,,,
diagnostics_dengueigmiggelisa1date,outcome,,text,Date of IgM/IgG ELISA first Sample,,,date_dmy,,today,,[diagnostics_dengue] = '1',y,RH,,,,
diagnosis_dengueigmelisa1result,outcome,,radio,IgM ELISA first sample,"1, Positive | 0, Negative | 2, Not done",,,,,,[diagnostics_dengue] = '1',y,RH,,,,
diagnosis_dengueiggelisa1result,outcome,,radio,IgG ELISA first sample,"1, Positive | 0, Negative | 2, Not done",,,,,,[diagnostics_dengue] = '1',y,RH,,,,
diagnostics_dengueigmiggelisa2date,outcome,,text,Date of IgM/IgG ELISA second Sample,,,date_dmy,,today,,[diagnostics_dengue] = '1',y,RH,,,,
diagnosis_dengueigmelisa2,outcome,,radio,igM ELISA second sample,"1, Positive | 0, Negative | 2, Not done",,,,,,[diagnostics_dengue] = '1',y,RH,,,,
diagnosis_dengueiggelisa2,outcome,,radio,igG ELISA second sample,"1, Positive | 0, Negative | 2, Not done",,,,,,[diagnostics_dengue] = '1',y,RH,,,,
diagnosis_denguepcr,outcome,,radio,Dengue PCR  ,"1, Positive | 0, Negative | 2, Not done",,,,,,[diagnostics_dengue] = '1',y,RH,,,,
diagnostics_denguedenvtype,outcome,,radio,Dengue virus type,"1, DENV1 | 2, DENV2 | 3, DENV3 | 4, DENV4",,,,,,[diagnosis_denguepcr] = '1',y,RH,,,,
diagnostics_bacterial,outcome,,radio,Bacterial testing,"1, Lab confirmed | 0, Lab negative | 2, Not done",,,,,,,y,,,,,
diagnostics_bacterialspecify,outcome,,notes,Specify bacterial pathogen(s) detected,,,,,,,[diagnostics_bacterial] = '1',y,,,,,
diagnostics_unlisted,outcome,,radio,Other pathogen(s) detected,"1, Yes | 0, No",,,,,,,y,RH,,,,
diagnostics_unlistedother,outcome,,notes,Specify other pathogens detected,,,,,,,[diagnostics_unlisted] = '1',y,,,,,
complications_viralpneumonia,outcome,COMPLICATIONS: At any time during hospitalisation did the patient experience,radio,Viral pneumonia/pneumonitis,"1, Yes | 0, No",,,,,,,y,RH,,,,
complications_bacterialpneumonia,outcome,,radio,Bacterial pneumonia,"1, Yes | 0, No",,,,,,,y,RH,,,,
complications_acuterespiratorydistr,outcome,,radio,Acute Respiratory Distress Syndrome,"1, Yes | 0, No",,,,,,,y,RH,,,,
complications_pneumothorax,outcome,,radio,Pneumothorax,"1, Yes | 0, No",,,,,,,y,RH,,,,
complications_pleuraleffusion,outcome,,radio,Pleural effusion,"1, Yes | 0, No",,,,,,,y,RH,,,,
complications_copneumonia,outcome,,radio,Cryptogenic organizing pneumonia (COP),"1, Yes | 0, No",,,,,,,y,RH,,,,
complications_bronchiolitis,outcome,,radio,Bronchiolitis,"1, Yes | 0, No",,,,,,,y,RH,,,,
complications_cardiacarrest,outcome,,radio,Cardiac arrest,"1, Yes | 0, No",,,,,,,y,RH,,,,
complications_myocardialinfarction,outcome,,radio,Myocardial infarction,"1, Yes | 0, No",,,,,,,y,RH,,,,
complications_cardiacischaemia,outcome,,radio,Cardiac ischaemia,"1, Yes | 0, No",,,,,,,y,RH,,,,
complications_cardiacarrhythmia,outcome,,radio,Cardiac arrhythmia,"1, Yes | 0, No",,,,,,,y,RH,,,,
complications_myocarditis,outcome,,radio,Myocarditis / Pericarditis,"1, Yes | 0, No",,,,,,,y,RH,,,,
complications_endocarditis,outcome,,radio,Endocarditis,"1, Yes | 0, No",,,,,,,y,RH,,,,
complications_cardiomyopathy,outcome,,radio,Cardiomyopathy,"1, Yes | 0, No",,,,,,,y,RH,,,,
complications_congestiveheartfailure,outcome,,radio,Congestive heart failure,"1, Yes | 0, No",,,,,,,y,RH,,,,
complications_strokecva,outcome,,radio,Stroke / Cerebrovascular accident,"1, Yes | 0, No",,,,,,,y,RH,,,,
complications_severeneurologic,outcome,,radio,Severe neurological disease,"1, Yes | 0, No",,,,,,,y,RH,,,,
complications_focalneurological,outcome,,radio,Focal neurological signs,"1, Yes | 0, No",,,,,,,y,RH,,,,
complications_severebleeding,outcome,,radio,Severe bleeding (requiring intervention),"1, Yes | 0, No",,,,,,,y,RH,,,,
complications_bleedingsite,outcome,,checkbox,Site of bleeding,"1, Skin | 2, Nose | 3, Gums | 4, GI tract | 5, Urinary tract | 6, Vaginal | 7, Other",,,,,,[complications_severebleeding] = '1',y,,,,,
complications_bleedingsiteoth,outcome,,text,Please specify:,,,,,,,[complications_bleedingsite]='7',y,,,,,
complications_seizure,outcome,,radio,Seizure,"1, Yes | 0, No",,,,,,,y,RH,,,,
complications_meningitis,outcome,,radio,Meningitis / Encephalitis,"1, Yes | 0, No",,,,,,,y,RH,,,,
complications_shock,outcome,,radio,Shock ,"1, Yes | 0, No",,,,,,,y,RH,,,,
complications_bacteraemia,outcome,,radio,Bacteraemia,"1, Yes | 0, No",,,,,,,y,RH,,,,
complications_sepsis,outcome,,radio,Sepsis,"1, Yes | 0, No",,,,,,,y,RH,,,,
complications_coagulationdisorder,outcome,,radio,Coagulation disorder / DIC,"1, Yes | 0, No",,,,,,,y,RH,,,,
complications_pulmonaryembolism,outcome,,radio,Pulmonary Embolism (PE),"1, Yes | 0, No",,,,,,,y,RH,,,,
complications_deepveinthrombosis,outcome,,radio,Deep Vein Thrombosis (DVT),"1, Yes | 0, No",,,,,,,y,RH,,,,
complications_thromboembolismunlisted,outcome,,radio,Other thromboembolism (not PE or DVT),"1, Yes | 0, No",,,,,,,y,RH,,,,
complications_anaemia,outcome,,radio,Anaemia,"1, Yes | 0, No",,,,,,,y,RH,,,,
complications_rhabdomyolysis,outcome,,radio,Rhabdomyolysis / Myositis,"1, Yes | 0, No",,,,,,,y,RH,,,,
complications_severeliverdisease,outcome,,radio,Severe liver disease,"1, Yes | 0, No",,,,,,,y,RH,,,,
complications_severeliverdiseasetype,outcome,,checkbox,Severe liver disease type,"1, Acute hepatitis | 2, Jaundice | 3, Hepatic encephalopathy (any grade)",,,,,,[complications_severeliverdisease] = '1',y,,,,,
complications_acutehepatitis,outcome,,radio,Acute hepatitis,"1, Yes | 0, No",,,,,,[complications_severeliverdisease] = '1',y,RH,,,,
complications_jaundice,outcome,,radio,Jaundice,"1, Yes | 0, No",,,,,,[complications_severeliverdisease] = '1',y,RH,,,,
complications_hepaticencephal,outcome,,radio,Hepatic encephalopathy (any grade),"1, Yes | 0, No",,,,,,[complications_severeliverdisease] = '1',y,RH,,,,
complications_ascites,outcome,,radio,Ascites,"1, Yes | 0, No",,,,,,,y,RH,,,,
complications_pancreatitis,outcome,,radio,Pancreatitis,"1, Yes | 0, No",,,,,,,y,RH,,,,
complications_acuterenalinjury,outcome,,radio,Acute renal injury / Acute renal failure,"1, Yes | 0, No",,,,,,,y,RH,,,,
complications_hyperglycemia,outcome,,radio,Hyperglycemia,"1, Yes | 0, No",,,,,,,y,RH,,,,
complications_hypoglycemia,outcome,,radio,Hypoglycemia,"1, Yes | 0, No",,,,,,,y,RH,,,,
complications_liverdysfunction,outcome,,radio,Liver dysfunction,"1, Yes | 0, No",,,,,,,y,RH,,,,
complications_inr,outcome,,radio,"INR >= 1,5","1, Yes | 0, No",,,,,,[complications_severeliverdisease] = '1',y,RH,,,,
complications_unlisted,outcome,,radio,Other complications,"1, Yes | 0, No",,,,,,,y,RH,,,,
complications_unlistedother,outcome,,notes,Specify other complications,,,,,,,[complications_unlisted] = '1',y,RH,,,,
interventions_suppleo2,outcome,"INTERVENTIONS While hospitalised, were any of the following administered/undertaken? ",radio,Any supplemental oxygen during the observation,"1, Yes | 0, No",,,,,,,y,RH,,,,
interventions_o2supporttype,outcome,,radio,What is the most amount of respiratory support a patient received?,"1, Nasal prong | 2, Face mask | 3, High-flow nasal oxygen | 4, Non-invasive ventilation | 5, Invasive ventilation | 6, ECLS/ ECMO",,,,,,[interventions_suppleo2]='1',y,,,,,
interventions_highestfio2,outcome,,text,Highest FiO2,,,number,,,,[interventions_o2supporttype] = '4' or [interventions_o2supporttype] = '5' or [interventions_o2supporttype] = '6',y,,,,,
interventions_highestfio2units,outcome,,radio,Highest FiO2 unit,"1, decimal (0.21-1.0) | 2, %",,,,,,[interventions_o2supporttype] = '4' or [interventions_o2supporttype] = '5' or [interventions_o2supporttype] = '6',y,,,,,
interventions_o2therapydays,outcome,,text,Number of calendar days the patient received any of this oxygen therapy ,,,number,,,,[interventions_o2supporttype] = '4' or [interventions_o2supporttype] = '5' or [interventions_o2supporttype] = '6',y,,,,,
interventions_niventtype,outcome,,radio,What type of Non-invasive ventilation? ,"1, CPAP | 2, BIPAP | 3, Other",,,,,,[interventions_o2supporttype] = '4',y,,,,,
interventions_ecmotype,outcome,,radio,What type of ECLS/ ECMO? ,"1, Veno-venus | 2, Arterio-venous | 3, Central",,,,,,[interventions_o2supporttype] = '6',y,,,,,
interventions_prone,outcome,,radio,Prone positioning?,"1, Yes | 0, No",,,,,,,y,,,,,
interventions_pronewhen,outcome,,radio,When was the prone positioning?,"1, During invasive ventilation | 2, Whilst self-ventilating",,,,,,[interventions_prone] = '1',y,,,,,
interventionsdengue_neuromuscularblocking,outcome,,radio,Neuromuscular blocking agents?   ,"1, Yes | 0, No",,,,,,[inclusioncriteria_disease(4)] = '1',y,RH,,,,
interventions_nitricoxide,outcome,,radio,Inhaled Nitric Oxide?,"1, Yes | 0, No",,,,,,,y,RH,,,,
interventions_tracheostomy,outcome,,radio,Tracheostomy inserted? ,"1, Yes | 0, No",,,,,,,y,RH,,,,
interventions_rtt,outcome,,radio,Renal replacement therapy (RRT) or dialysis?,"1, Yes | 0, No",,,,,,,y,RH,,,,
interventions_rttduration,outcome,,text,Total RRT or dialysis duration during observation (days),,,,,,,[interventions_rtt] = '1',y,,,,,
interventions_inotropesvasopr,outcome,,radio,Inotropes/vasopressors?,"1, Yes | 0, No",,,,,,,y,RH,,,,
interventions_inotropesvasoprduration,outcome,,text,Total Inotropes/vasopressor duration during observation (days),,,,,,,[interventions_inotropesvasopr] = '1',y,,,,,
interventions_icu,outcome,,radio,ICU/ITU/High Dependency Unit/Intermediate Care Unit admission ?,"1, Yes | 0, No",,,,,,,y,RH,,,,
interventions_icuadmindate,outcome,,text,Date of first ICU admission,,,date_dmy,,today,,[interventions_icu] = '1',y,,,,,
interventions_icuduration,outcome,,text,Duration of first ICU admission (days),,,number,,,,[interventions_icu] = '1',y,,,,,
interventions_icureadmission,outcome,,radio,Was the patient admitted to ICU more than once? ,"1, Yes | 0, No",,,,,,[interventions_icu] = '1',y,RH,,,,
interventions_icuadmindate2,outcome,,text,Date of final ICU admission,,,date_dmy,,today,,[interventions_icu] = '1',y,,,,,
interventions_icuduration2,outcome,,text,Duration of final ICU admission (days),,,number,,,,[interventions_icu] = '1',y,,,,,
interventionsdengue_ivimmunoglobulin,outcome,,radio,Intravenous Immunoglobulin?,"1, Yes | 0, No",,,,,,,y,RH,,,,
interventionsdengue_parenteralfluid,outcome,,radio,Parenteral / IV fluid? ,"1, Yes | 0, No",,,,,,[inclusioncriteria_disease(4)] = '1',y,RH,,,,
interventionsdengue_fluidtype,outcome,,checkbox,Select all Parenteral / IV fluid that were administered,"1, Crystalloid | 2, Albumin | 3, Gelatin | 4, Starches | 7, Colloid | 6, Other | 5, None",,,,,,,y,,,,,
interventionsdengue_crystalloidvol,outcome,,text,Crystalloid volume (mL/24 hours),,,,,,,[interventionsdengue_fluidtype(1)] = '1',y,,,,,
interventionsdengue_crystalloidvolacc,outcome,,radio,Is the Crystalloid volume measured or estimated?,"1, Measured | 2, Estimated",,,,,,[interventionsdengue_fluidtype] = '1',y,RH,,,,
interventionsdengue_albuminvol,outcome,,text,Albumin volume (mL/24 hours),,,,,,,[interventionsdengue_fluidtype(2)] = '1',y,,,,,
interventionsdengue_albuminvolacc,outcome,,radio,Is the Albumin volume measured or estimated?,"1, Measured | 2, Estimated",,,,,,[interventionsdengue_fluidtype] = '3',y,RH,,,,
interventionsdengue_gelatinvol,outcome,,text,Gelatin volume (mL/24 hours),,,,,,,[interventionsdengue_fluidtype(3)] = '1',y,,,,,
interventionsdengue_starchesvol,outcome,,text,Starches volume (mL/24 hours),,,,,,,[interventionsdengue_fluidtype(4)] = '1',y,,,,,
interventionsdengue_colloidvol,outcome,,text,Colloid volume (mL),,,,,,,[interventionsdengue_fluidtype] = '2',y,,,,,
interventionsdengue_colloidvolacc,outcome,,radio,Is the Colloid volume measured or estimated?,"1, Measured | 2, Estimated",,,,,,[interventionsdengue_fluidtype] = '2',y,RH,,,,
interventionsdengue_fluidtypeother,outcome,,text,Please specify other fluid:,,,,,,,[interventionsdengue_fluidtype] = '6',y,,,,,
interventionsdengue_fluidtypeothervol,outcome,,text,Other fluid volume (mL),,,,,,,[interventionsdengue_fluidtype] = '6',y,,,,,
interventionsdengue_fluidtypeotheracc,outcome,,radio,Is the other fluid volume measured or estimated?,"1, Measured | 2, Estimated",,,,,,[interventionsdengue_fluidtype] = '6',y,RH,,,,
interventionsdengue_reasonivfluid,outcome,,checkbox,Reason(s) for IV fluid (check all that apply),"1, Shock | 2, High/rising haematocrit | 3, Anorexia | 4, Persistent vomiting | 5, Other",,,,,,[interventionsdengue_fluidtype(1)] = '1' or [interventionsdengue_fluidtype(2)] = '1' or [interventionsdengue_fluidtype(3)] = '1' or [interventionsdengue_fluidtype(4)] = '1',y,,,,,
interventionsdengue_reasonivfluidother,outcome,,text,Specify other reason for IV fluid,,,,,,,[interventionsdengue_reasonivfluid(5)] = '1',y,RH,,,,
interventionsdengue_fluidstart,outcome,,text,Date first IV fluid started,,,datetime_dmy,,today,,[interventionsdengue_fluidtype(1)] = '1' or [interventionsdengue_fluidtype(2)] = '1' or [interventionsdengue_fluidtype(3)] = '1' or [interventionsdengue_fluidtype(4)] = '1',y,,,,, @HIDEBUTTON
interventionsdengue_fluidend,outcome,,text,Date last IV fluid ended,,,datetime_dmy,,,,[interventionsdengue_fluidtype(1)] = '1' or [interventionsdengue_fluidtype(2)] = '1' or [interventionsdengue_fluidtype(3)] = '1' or [interventionsdengue_fluidtype(4)] = '1',y,,,,, @HIDEBUTTON
interventionsdengue_bloodtranf,outcome,,radio,Blood product tranfusion?,"1, Yes | 0, No",,,,,,[inclusioncriteria_disease(4)] = '1',y,RH,,,,
interventionsdengue_bloodprodtype,outcome,,checkbox,Select all  blood product tranfusion that were administered,"1, Platelets | 2, Cryoprecipitate | 3, Whole blood/packed RBC | 4, Frozen fresh plasma | 5, Fibrinogen concentrate | 6, None",,,,,,,y,,,,,
interventionsdengue_plateletsvol,outcome,,text,Platelets volume  (mL/24 hours ),,,number,,,,[interventionsdengue_bloodprodtype(1)] = '1',y,,,,,
interventionsdengue_plateletsunits,outcome,,text,Platelets unit,,,number,,,,[interventionsdengue_bloodprodtype(4)] = '1',y,,,,,
interventionsdengue_cryoprecivol,outcome,,text,Cryoprecipitate volume  (mL/24 hours ),,,number,,,,[interventionsdengue_bloodprodtype(2)] = '1',y,,,,,
interventionsdengue_cryopreciunits,outcome,,text,Cryoprecipitate unit,,,number,,,,[interventionsdengue_bloodprodtype(3)] = '1',y,,,,,
interventionsdengue_rbcvol,outcome,,text,Whole blood/packed RBC volume  (mL/24 hours ),,,number,,,,[interventionsdengue_bloodprodtype(3)] = '1',y,,,,,
interventionsdengue_rbcunits,outcome,,text,Whole blood/packed RBC unit,,,number,,,,[interventionsdengue_bloodprodtype(1)] = '1',y,,,,,
interventionsdengue_ffpvol,outcome,,text,Fresh Frozen Plasma (FFP) volume   (mL/24 hours ),,,number,,,,[interventionsdengue_bloodprodtype(4)] = '1',y,,,,,
interventionsdengue_ffpunits,outcome,,text,Fresh Frozen Plasma (FFP) unit,,,number,,,,[interventionsdengue_bloodprodtype(2)] = '1',y,,,,,
interventionsdengue_plateletsvol_2,outcome,,text,Fibrinogen concentrate volume   (mL/24 hours ),,,number,,,,[interventionsdengue_bloodprodtype(5)] = '1',y,,,,,
interventionsdengue_bloodprodtypeother,outcome,,text,Other blood product,,,,,,,[interventionsdengue_bloodprodtype(5)] = '1',y,,,,,
interventionsdengue_bloodprodtypeothervol,outcome,,text,Other blood product volume,,,number,,,,[interventionsdengue_bloodprodtype(5)] = '1',y,,,,,
interventionsdengue_bloodprodtypeotherunits,outcome,,text,Other blood product unit,,,number,,,,[interventionsdengue_bloodprodtype(5)] = '1',y,,,,,
interventionsdengue_diuretics,outcome,,radio,Diuretics? ,"1, Yes | 0, No",,,,,,,y,RH,,,,
interventionsdengue_nacetylcysteine,outcome,,radio,N-acetyl cysteine? ,"1, Yes | 0, No",,,,,,,y,RH,,,,
interventionsdengue_fluiddrain,outcome,,radio,Fluid drainage?,"1, Yes | 0, No",,,,,,,y,RH,,,,
interventionsdengue_fluiddrainreason,outcome,,radio,Reason for this drainage,"1, Ascites | 2, Pleural effusion",,,,,,[interventionsdengue_fluiddrain] = '1',y,RH,,,,
interventionsdengue_plamaexch,outcome,,radio,Plasmapheresis/Plasma Exchange?,"1, Yes | 0, No",,,,,,,y,RH,,,,
interventionsdengue_daysplasmasupport,outcome,,text,Days on plasma exchange support ,,,number,,,,[interventionsdengue_plamaexch] = '1',y,RH,,,,
outcome_date,outcome,OUTCOME,text,Outcome date,,,date_dmy,,today,,,y,,,,,
outcome_outcome,outcome,,radio,Outcome,"1, Discharged alive | 2, Still hospitalised | 6, Discharged against medical advice | 3, Transfer to other facility | 4, Death | 5, Palliative discharge",,,,,,,y,,,,,
outcome_selfcarafterillness,outcome,,radio,Ability to self-care at discharge versus before illness,"1, Same as before illness | 2, Worse | 3, Better",,,,,,[outcome_outcome] = '1',y,,,,,
outcome_ongoingcare,outcome,,radio,Ongoing health care needs relating to this admission for pathogen,"1, Yes | 0, No",,,,,,[outcome_outcome] = '1' or [outcome_outcome] = '2',y,RH,,,,
outcome_ongoingcarenotrelated,outcome,,radio,Ongoing health care needs NOT related to pathogen episode,"1, Yes | 0, No",,,,,,[outcome_outcome] = '1' or [outcome_outcome] = '2',y,RH,,,,
outcome_carefordiffreason,outcome,,radio,"Medically fit for discharge (pathogen resolved) but remains in hospital for other reason (For instance awaiting alternate care, resident in long term health care or mental health facility)","1, Yes | 0, No",,,,,,[outcome_outcome] = '2' and [outcome_outcome] = '3',y,RH,,,,
outcome_maindiagnosisdengue,outcome,,radio,Was the patient's MAIN diagnosis dengue?,"1, Yes | 0, No",,,,,,[inclusioncriteria_disease(4)] = '1',y,RH,,,,
outcome_maindiagnosis,outcome,,text,What was the main diagnosis?,,,,,,,[outcome_maindiagnosisdengue] = '0',y,,,,,
outcome_maindiagnosisdengueclass,outcome,,radio,"What was the final classification of dengue?
","1, Uncomplicated dengue | 2, Dengue with warning signs | 3, Severe dengue",,,,,,[outcome_maindiagnosisdengue] = '1',y,,,,,
outcome_maindiagnosisdenguecomplications,outcome,,checkbox,Severe dengue Complications:,"1, Dengue shock syndrome | 2, Severe bleeding | 3, Severe organ impairment",,,,,,[outcome_maindiagnosisdengueclass] = '3',y,,,,,
outcome_secondarydiagnosis,outcome,,radio,Was there any secondary diagnosis?,"1, Yes | 0, No",,,,,,[inclusioncriteria_disease(4)] = '1',y,RH,,,,
outcome_secondarydiagnosisspecify,outcome,,text,Specify secondary diagnosis,,,,,,,[outcome_secondarydiagnosis] = '1',y,RH,,,,
mpox_date,outcome,,text,Date of evaluation,,,date_dmy,,today,,[inclusioncriteria_disease(3)] = '1',y,,,,,
mpox_outcome,outcome,,radio,Patient outcome,"1, All lesions are completely resolved and no serious complications | 7, All lesions are no longer active and no serious complications | 8, No lesions ever developed and no serious complications | 2, One or more lesion(s) are active and no serious complications | 3, Serious complication and/or hospitalisation due to monkeypox | 4, Death | 5, Early withdrawal | 6, Loss to follow-up",,,,,,[inclusioncriteria_disease(3)] = '1',y,,,,,
mpox_resolvedat,outcome,,text,First or earliest date on which the selected outcome was true,,,date_dmy,,today,,[mpox_outcome]='1' or [mpox_outcome]='7',y,,,,,
mpox_hospreason,outcome,,text,Reason for hospitalisation,,,,,,,[mpox_outcome]='3',y,,,,,
mpox_hostdat,outcome,,text,Date of hospitalisation,,,date_dmy,,today,,[mpox_outcome]='3',y,,,,,
mpox_death_dat,outcome,,text,Date of death,,,date_dmy,,today,,[mpox_outcome]='4',y,,,,,
mpox_death_cause,outcome,,text,Cause of death,,,,,,,[mpox_outcome]='4',y,,,,,
mpox_lfu_reason,outcome,,text,Reason for loss to follow-up:,,,,,,,[mpox_outcome]='6',y,,,,,
collectiondate,outcome_pathogen_testing,,text,Collection Date,,,date_dmy,,today,,,y,,,,,
pathogentested,outcome_pathogen_testing,,text,Pathogen Tested/Detected,,,,,,,,y,,,,,
biospecimentype,outcome_pathogen_testing,,radio,Biospecimen Type,"1, Nasal/NP swab | 2, Throat swab | 3, Combined nasal/NP + throat swab | 4, Sputum | 5, BAL | 6, ETA | 7, Lesion swab | 8, Urine | 9, Faeces/rectal swab | 10, Blood | 11, Other",,,,,,,y,,,,,
biospecimentypeother,outcome_pathogen_testing,,text,Please specify,,,,,,,[biospecimentype] = '11',y,,,,,
labtestmethod,outcome_pathogen_testing,,radio,Lab test method,"1, PCR | 2, IgG | 3, Culture | 4, IgM | 5, Antigen detection | 6, ELISA | 7, Other",,,,,,,y,,,,,
labtestmethodother,outcome_pathogen_testing,,text,Please specify,,,,,,,[labtestmethod] = '7',y,,,,,
result,outcome_pathogen_testing,,radio,Result,"1, Positive | 0, Negative | 2, Equivocal",,,,,,,y,,,,,
