"Variable / Field Name","Form Name","Section Header","Field Type","Field Label","Choices, Calculations, OR Slider Labels","Field Note","Text Validation Type OR Show Slider Number","Text Validation Min","Text Validation Max",Identifier?,"Branching Logic (Show field only if...)","Required Field?","Custom Alignment","Question Number (surveys only)","Matrix Group Name","Matrix Ranking?","Field Annotation"
subjid,presentation,,text,"Participant Identification Number (PIN):",,"999-9999 (SiteNo-PIN)",,,,,,,,,,,
inclusioncriteria_infection,presentation,"INCLUSION CRITERIA",radio,"Suspected or confirmed infection with a pathogen of public health interest","1, Yes | 0, No",,,,,,,y,RH,,,,
inclusioncriteria_exposure,presentation,,radio,"Exposure to a pathogen or health threat of public health interest","1, Yes | 0, No",,,,,,,y,RH,,,,
inclusioncriteria_disease,presentation,,checkbox,"Which of the following is the individual proven/suspected of having?","1, Avian influenza A H7N9/ H5N1/ H5N6/ H7N7 | 2, Severe acute paediatric hepatitis | 3, MPox | 4, Dengue | 5, COVID-19 (SARS-CoV-2)| xx, Other",,,,,,,y,,,,,
inclusioncriteria_diseaseother,presentation,,text,"Specify other suspected or confirmed infection:",,,,,,,"[inclusioncriteria_disease(xx)] = '1'",y,,,,,
dates_enrolment,presentation,"PRESENTATION, ONSET & ADMISSION",text,"Date of enrolment /start of data collection: ",,,date_dmy,,today,,,y,,,,,
dates_onsetdate,presentation,,text,"Onset date of first/earliest symptom: ",,,date_dmy,,,,,y,,,,,
dates_admissiondate,presentation,,text,"If admitted to hospital, date of most recent hospital admission: ",,,date_dmy,,,,,y,,,,,
readmission_previosadmission,presentation,"RE-ADMISSION AND PREVIOUS PIN",radio,"Was the patient admitted previously or transferred from any other facility during this illness episode?","1, YES-admitted previously to this facility | 2, YES-admitted to other facility, then transferred to this facility | 0, No",,,,,,,y,,,,,
readmission_numberprevious,presentation,,text,"Total number of previous admissions for this infection",,,number,,,,"[readmission_previosadmission] = '2' or [readmission_previosadmission] = '1'",y,,,,,
readmission_firstadmission,presentation,,text,"Date of earliest admission for this infection",,,date_dmy,,,,"[readmission_previosadmission] = '2' or [readmission_previosadmission] = '1'",y,,,,,
readmission_differentpin,presentation,,radio,"Has this patient's data been previously collected under a different patient number? ","1, Yes | 0, No",,,,,,,y,RH,,,,
readmission_previouspin,presentation,,text,"Participant Identification number (PIN)",,,,,,,"[readmission_differentpin] = '1'",y,,,,,
demographics_sex,presentation,DEMOGRAPHICS,radio,"Sex at Birth","1, Male | 2, Female",,,,,,,y,RH,,,,
demographics_age,presentation,,text,Age,,,integer,,,,,y,,,,,
demographics_ageunits,presentation,,radio,"Age units","1, Years | 2, Months | 3, Days",,,,,,,y,RH,,,,
demographics_height,presentation,,text,"Height (cm)",,cm,number,,,,,y,,,,,
demographics_weight,presentation,,text,"Weight (kg)",,,number,,,,,y,,,,,
demographics_race,presentation,,checkbox,"Race (check all that apply)","1, Arab | 2, Black | 3, East Asian | 4, Soth-East Asian | 5, West asian | 6, Latin American | 7, White | 8, Aboriginal/First Nations/Indigenous| xx, Other",,,,,,,y,,,,,
demographics_raceother,presentation,,text,"Specify other race",,,,,,,"[demographics_race(xx)] = '1'",y,,,,,
demographics_ocupationlocation,presentation,,radio,"Primary location of occupation:  ","1, Home-working or unemployed | 2, Indoors-office/health/education/hospitality/business | 3, Indoors-factory | 4, Outdoors-agriculture/forestry/fisheries | 5, Outdoors-construction/industrial/mining | 6, Armed Forces | 7, Student| xx, Other",,,,,,,y,,,,,
demographics_ocupationlocationother,presentation,,text,"Specify other primary location of occupation",,,,,,,"[demographics_ocupationlocation] = 'xx'",y,,,,,
demographics_regionresidence,presentation,,radio,"Patient's region of residence:","1, Same as health care facility| xx, Other region",,,,,,,y,RH,,,,
demographics_regionresidenceother,presentation,,text,"Specify Patient's region of residence:",,,,,,,"[demographics_regionresidence] = 'xx'",y,,,,,
demographicsdengue_travel,presentation,,radio,"Did the patient travel outside of their home region in the past 14 days? ","1, Yes | 0, No",,,,,,,y,RH,,,,
demographicsdengue_destinations,presentation,,notes,"Where did patient travel to? (list all city/cities or town(s) and region(s)",,,,,,,"[demographicsdengue_travel] = '1'",y,,,,,
demographics_pregnant,presentation,,radio,Pregnant,"1, Yes | 0, No",,,,,,"[demographics_sex] = '2'",y,RH,,,,
demographics_gestationalweeks,presentation,,text,"Gestational weeks assessment",,,number,,,,"[demographics_pregnant] = '1'",y,,,,,
medicalhistory_prevdengueinfections,presentation,"MEDICAL HISTORY",radio,"Is the patient known to have previous dengue infection(s)?","1, Yes | 0, No",,,,,,,y,RH,,,,
medicalhistory_prevdenguehospitalization,presentation,,radio,"Was the patient ever hospitalised for a previous dengue infection ?","1, Yes- admitted to hospital or ICU | 0, No",,,,,,"[medicalhistory_prevdengueinfections] = '1'",y,RH,,,,
vaccinationdengue_vaccine,presentation,VACCINATION,radio,"Vaccinated for dengue?","1, Yes, once | 2, Yes, twice | 3, Yes, thrice | 0, No",,,,,,,y,,,,,
vaccinationdengue_vaccinedate,presentation,,text,"Date of first dengue vaccine",,,date_dmy,,,,"([vaccinationdengue_vaccine] = '1' or [vaccinationdengue_vaccine] = '2' or [vaccinationdengue_vaccine] = '3')",y,,,,,
vaccinationdengue_vaccinetype,presentation,,radio,"Type of first dengue vaccine","1, CYD-TVD (Dengvaxia) | 2, TAK-003 (QDENGA)",,,,,,"([vaccinationdengue_vaccine] = '1' or [vaccinationdengue_vaccine] = '2' or [vaccinationdengue_vaccine] = '3')",y,RH,,,,
vaccinationdengue_vaccineseconddate,presentation,,text,"Date of second dengue vaccine",,,date_dmy,,,,"([vaccinationdengue_vaccine] = '2' or [vaccinationdengue_vaccine] = '3' )",y,,,,,
vaccinationdengue_vaccinesecondtype,presentation,,radio,"Type of second dengue vaccine","1, CYD-TVD (Dengvaxia) | 2, TAK-003 (QDENGA)",,,,,,"([vaccinationdengue_vaccine] = '2' or [vaccinationdengue_vaccine] = '3')",y,RH,,,,
vaccinationdengue_vaccinethirddate,presentation,,text,"Date of third dengue vaccine",,,date_dmy,,,,"( [vaccinationdengue_vaccine] = '3')",y,,,,,
vaccinationdengue_vaccinethirdtype,presentation,,radio,"Type of third dengue vaccine","1, CYD-TVD (Dengvaxia) | 2, TAK-003 (QDENGA)",,,,,,"( [vaccinationdengue_vaccine] = '3')",y,RH,,,,
medication_steroids,presentation,"MEDICATION PREVIOUS 14-DAYS (include all taken within 14 days prior to this most recent admission/presentation)",radio,Steroids,"1, Yes | 0, No",,,,,,,y,RH,,,,
medication_steroidsagent,presentation,,text,"Steroid agent:",,,,,,,"[medication_steroids] = '1'",y,RH,,,,
medication_steroidsroute,presentation,,radio,"Steroids administration route","1, Oral | 2, Inhaled | 3, IV",,,,,,"[medication_steroids] = '1'",y,RH,,,,
medication_inmunusuppressant,presentation,,radio,"Immunosuppressant agents (not steroids)","1, Yes | 0, No",,,,,,,y,RH,,,,
medication_inmunusuppressantagent,presentation,,text,"Immunosuppressant agents:",,,,,,,"[medication_inmunusuppressant] = '1'",y,RH,,,,
medication_antibiotics,presentation,,radio,Antibiotics,"1, Yes | 0, No",,,,,,,y,RH,,,,
medication_atibioticagent,presentation,,text,"Antibiotic agent",,,,,,,"[medication_antibiotics] = '1'",y,,,,,
medication_aspirin,presentation,,radio,Aspirin,"1, Yes | 0, No",,,,,,,y,RH,,,,
medication_nsaids,presentation,,radio,NSAIDs,"1, Yes | 0, No",,,,,,,y,RH,,,,
medication_nsaidsagent,presentation,,text,"NSAIDs agent",,,,,,,"[medication_nsaids] = '1'",y,,,,,
medication_anticoagulants,presentation,,radio,Anticoagulants,"1, Yes | 0, No",,,,,,,y,RH,,,,
medication_anticoagulantsagent,presentation,,text,"Anticoagulants agent",,,,,,,"[medication_anticoagulants] = '1'",y,,,,,
medication_ivfluids,presentation,,radio,"Intravenous fluids","1, Yes | 0, No",,,,,,,y,RH,,,,
medication_ivfluidstype,presentation,,text,"Intravenous fluids Type",,,,,,,"[medication_ivfluids] = '1'",y,RH,,,,
medication_ivfluidsvolumen,presentation,,text,"Volume in previous 24 hours  (mL)",,,number,,,,"[medication_ivfluids] = '1'",y,,,,,
medication_unlisted,presentation,,radio,"Other pathogen-targeted medications","1, Yes | 0, No",,,,,,,y,RH,,,,
medication_unlistedother,presentation,,text,"Other agent",,,,,,,"[medication_unlisted] = '1'",y,,,,,
comorbidities_chroniccardiac,presentation,"CO-MORBIDITIES AND RISK FACTORS (existing prior to admission and ongoing)",radio,"Chronic cardiac disease (not hypertension)","1, Yes | 0, No",,,,,,,y,RH,,,,
comorbidities_hypertension,presentation,,radio,"Hypertension  ","1, Yes | 0, No",,,,,,,y,RH,,,,
comorbidities_chronicpulmonary,presentation,,radio,"Chronic pulmonary disease (not asthma)","1, Yes | 0, No",,,,,,,y,RH,,,,
comorbidities_asthma,presentation,,radio,"Asthma (physician diagnosed)","1, Yes | 0, No",,,,,,,y,RH,,,,
comorbidities_chronickidney,presentation,,radio,"Chronic kidney disease","1, Yes | 0, No",,,,,,,y,RH,,,,
comorbidities_obesity,presentation,,radio,"Obesity (as defined by clinical staff)","1, Yes | 0, No",,,,,,,y,RH,,,,
comorbidities_liverdisease,presentation,,radio,"Liver disease","1, Yes | 0, No",,,,,,,y,RH,,,,
comorbidities_hepatiticbc,presentation,,radio,"Chronic hepatitis B/C infection","1, Yes | 0, No",,,,,,,y,RH,,,,
comorbidities_asplenia,presentation,,radio,Asplenia,"1, Yes | 0, No",,,,,,,y,RH,,,,
comorbidities_chronicneurological,presentation,,radio,"Chronic neurological disorder","1, Yes | 0, No",,,,,,,y,RH,,,,
comorbidities_malignantneoplasm,presentation,,radio,"Malignant neoplasm","1, Yes | 0, No",,,,,,,y,RH,,,,
comorbidities_chronichematologic,presentation,,radio,"Chronic hematologic disease","1, Yes | 0, No",,,,,,,y,RH,,,,
comorbidities_rheumatologic,presentation,,radio,"Rheumatologic disorder","1, Yes | 0, No",,,,,,,y,RH,,,,
comorbidities_aids,presentation,,radio,"AIDS / HIV","1, Yes-on ART | 2, Yes-not on ART | 0, No",,,,,,,y,,,,,
comorbidities_cd4count,presentation,,radio,"Most recent CD4 count","1, < 200 cells/uL | 2, 200-< 500 cells/uL | 3, >= 500 cells/uL",,,,,,"[comorbidities_aids] = '1' or [comorbidities_aids] = '2'",y,,,,,
comorbidities_diabetes,presentation,,radio,"Diabetes Mellitus","1, Yes-Type 1 | 2, Yes -Type 2 | 3, Yes -Gestational | 0, No",,,,,,,y,,,,,
comorbidities_hba1c,presentation,,text,"HbA1C results (within last 6 months) ",,,number,,,,"[comorbidities_diabetes] = '1' or [comorbidities_diabetes] = '2' or [comorbidities_diabetes] = '3'",y,,,,,
comorbidities_hba1cunits,presentation,,radio,"HbA1C test units","1, mmol/mol | 2, mmol/L | 3, %",,,,,,"[comorbidities_diabetes] = '1' or [comorbidities_diabetes] = '2' or [comorbidities_diabetes] = '3'",y,,,,,
comorbidities_dementia,presentation,,radio,Dementia,"1, Yes | 0, No",,,,,,,y,RH,,,,
comorbidities_tuberculosis,presentation,,radio,Tuberculosis,"1, Yes | 0, No",,,,,,,y,RH,,,,
comorbidities_malnutrition,presentation,,radio,Malnutrition,"1, Yes | 0, No",,,,,,,y,RH,,,,
comorbidities_smoking,presentation,,radio,Smoking,"1, Current smoker | 2, Never smoked | 3, Former smoke",,,,,,,y,,,,,
comorbidities_unlisted,presentation,,radio,"Other relevant risk factor(s)                       ","1, Yes | 0, No",,,,,,,y,RH,,,,
comorbidities_unlistedother,presentation,,text,"Specify other relevant risk factors",,,,,,,"[comorbidities_unlisted] = '1'",y,,,,,
symptoms_fever,presentation,"SIGNS AND SYMPTOMS ON ADMISSION  (first data, within 24 hours of presentation/admission)",radio,"History of fever / chills / rigors","1, Yes | 0, No",,,,,,,y,RH,,,,
symptoms_cough,presentation,,radio,"Cough      ","1, Yes - non-productive | 2, Yes - productive | 3, Yes - with haemoptysis | 4, No",,,,,,,y,,,,,
symptoms_shortnessofbreath,presentation,,radio,"Shortness of breath ","1, Yes | 0, No",,,,,,,y,RH,,,,
symptoms_headache,presentation,,radio,Headache,"1, Yes | 0, No",,,,,,,y,RH,,,,
denguesymptoms_retroorbitalpain,presentation,,radio,"Retro-orbital pain","1, Yes | 0, No",,,,,,,y,RH,,,,
symptoms_seizures,presentation,,radio,"Seizures / convulsions","1, Yes | 0, No",,,,,,,y,RH,,,,
denguesymptoms_restlessness,presentation,,radio,Restlessness,"1, Yes | 0, No",,,,,,,y,RH,,,,
symptoms_fatigue,presentation,,radio,"Fatigue / Malaise / Lethargy","1, Yes | 0, No",,,,,,,y,RH,,,,
symptoms_myalgia,presentation,,radio,"Muscle aches (myalgia)","1, Yes | 0, No",,,,,,,y,RH,,,,
symptoms_arthralgia,presentation,,radio,"Joint pain (arthralgia)","1, Yes | 0, No",,,,,,,y,RH,,,,
symptoms_abdominalpain,presentation,,radio,"Abdominal pain","1, Yes | 0, No",,,,,,,y,RH,,,,
symptoms_diarrhoea,presentation,,radio,Diarrhoea,"1, Yes | 0, No",,,,,,,y,RH,,,,
symptoms_nausea,presentation,,radio,"Vomiting / Nausea","1, Yes | 0, No",,,,,,,y,RH,,,,
symptoms_anorexia,presentation,,radio,Anorexia,"1, Yes | 0, No",,,,,,,y,RH,,,,
symptoms_skinrash,presentation,,radio,"Skin rash","1, Yes | 0, No",,,,,,,y,RH,,,,
symptoms_haemorrhage,presentation,,radio,"Bleeding (Haemorrhage)","1, Yes | 0, No",,,,,,,y,RH,,,,
symptoms_haemorrhagesite,presentation,,checkbox,"specify site(s) of bleeding","1, Skin | 0, Nose | 3, Gums | 4, GI tract | 5, Urinary tract | 6, Vaginal| xx, Other",,,,,,"[symptoms_haemorrhage] = '1'",y,,,,,
symptoms_haemorrhagesiteother,presentation,,text,"Specify other bleeding site",,,,,,,"[symptoms_haemorrhagesite(xx)] = '1'",y,RH,,,,
denguesymptoms_neurologicalunlisted,presentation,,radio,"Other neurological abnormality","1, Yes | 0, No",,,,,,,y,RH,,,,
denguesymptoms_neurologicalunlistedother,presentation,,text,"Specify other neurological abnormality",,,,,,,"[denguesymptoms_neurologicalunlisted] = '1'",y,RH,,,,
symptoms_unlisted,presentation,,radio,"Other symptom(s)","1, Yes | 0, No",,,,,,,y,RH,,,,
symptoms_unlistedother,presentation,,text,"Specify other symptoms",,,,,,,"[symptoms_unlisted] = '1'",y,,,,,
daily_date,daily,,text,"DATE OF ASSESSMENT",,,date_dmy,,,,,y,,,,,
daily_datatype,daily,,checkbox,"What type of patient data will you enter?","1, Vital Signs & Assessments | 2, Treatments & Interventions | 3, Laboratory Results | 4, Imaging",,,,,,,y,,,,,
vitals_highesttemp,daily,"VITAL SIGNS & ASSESSMENTS (Record the value furthest from normal range between 00:00 to 24:00 on day of assessment)",text,"Highest temperature",,,number,,,,[daily_datatype(1)]='1',y,,,,,
vitals_highesttempunits,daily,,radio,"Temperature Units","1, °C | 2, °F",,,,,,[daily_datatype(1)]='1',y,RH,,,,
vitals_hr,daily,,text,"HR (beats/minute)",,,number,,,,[daily_datatype(1)]='1',y,,,,,
vitals_rr,daily,,text,"RR (breaths/minute)",,,number,,,,[daily_datatype(1)]='1',y,,,,,
vitals_systolicbp,daily,,text,"Systolic BP (mmHg)",,,number,,,,[daily_datatype(1)]='1',y,,,,,
vitals_diastolicbp,daily,,text,"Diastolic BP (mmHg)",,,number,,,,[daily_datatype(1)]='1',y,,,,,
vitals_sao2,daily,,text,"Lowest Oxygen saturation SaO2 (%)",,,number,,,,[daily_datatype(1)]='1',y,,,,,
vitals_suplementalo2,daily,,radio,"Supplemental oxygen at point of SaO2 measure","1, Yes | 0, No",,,,,,[daily_datatype(1)]='1',y,RH,,,,
vitals_fio2inlowestspo2,daily,,text,"FiO2 at time of lowest SpO2",,,number,,,,"[vitals_suplementalo2] = '1'",y,RH,,,,
vitals_fio2inlowestspo2units,daily,,radio,"FiO2 units","1, decimal (0.21-1.0) | 2, %",,,,,,"[vitals_suplementalo2] = '1'",y,RH,,,,
vitals_capillaryrefill,daily,,radio,"Capillary refill time >2seconds","1, Yes | 0, No",,,,,,[daily_datatype(1)]='1',y,RH,,,,
vitals_avpu,daily,,checkbox,AVPU,"1, Alert | 2, Verbal | 3, Pain | 4, Unresponsive",,,,,,[daily_datatype(1)]='1',y,RH,,,,
vitals_gcs,daily,,text,"Glasgow Coma Score (GCS / 15) ",,,number,,,,[daily_datatype(1)]='1',y,,,,,
vitals_urineflow,daily,,text,"Urine flow rate (mL/24 hours)",,,number,,,,[daily_datatype(1)]='1',y,,,,,
treatments_oralrehydration,daily,"TREATMENTS & INTERVENTIONS (Record all interventions received or true between 00:00 to 24:00 on day of assessment)",radio,"Oral rehydration? ","1, Yes | 0, No",,,,,,[daily_datatype(2)]='1',y,RH,,,,
treatments_oralrehydrationvol,daily,,text,"Oral rehydration volume (mL/24 hours)",,,number,,,,"[treatments_oralrehydration] = '1'",y,,,,,
treatments_parenteralfluidtype,daily,,checkbox,"Select all parenteral / IV fluid that were administered","1, Crystalloid | 2, Albumin | 3, Gelatin | 4, Starches | 5, Fibrinogen concentrate | 6, None",,,,,,[daily_datatype(2)]='1',y,,,,,
treatments_parenteralfluidcrysvol,daily,,text,"Crystalloid volume (mL/24 hours)",,,,,,,"[treatments_parenteralfluidtype(1)] = '1'",y,,,,,
treatments_parenteralfluidalbvol,daily,,text,"Albumin volume (mL/24 hours)",,,,,,,"[treatments_parenteralfluidtype(2)] = '1'",y,,,,,
treatments_parenteralfluidgelavol,daily,,text,"Gelatin volume (mL/24 hours)",,,,,,,"[treatments_parenteralfluidtype(3)] = '1'",y,,,,,
treatments_parenteralfluidstarvol,daily,,text,"Starches volume (mL/24 hours)",,,,,,,"[treatments_parenteralfluidtype(4)] = '1'",y,,,,,
treatments_parenteralfluidsfibrinogenvol,daily,,text,"Fibrinogen concentrate (mL/24 hours)",,,,,,,"[treatments_parenteralfluidtype(5)] = '1'",y,,,,,
treatments_bloodtransftype,daily,,checkbox,"Select all blood products that were administered","1, Platelets | 2, Cryoprecipitate | 3, Whole blood/packed RBC | 4, Frozen fresh plasma | 5, Fibrinogen concentrate | 6, None",,,,,,[daily_datatype(2)]='1',y,,,,,
treatments_plateletsvol,daily,,text,"Platelets volume (mL/24 hours)",,,,,,,"[treatments_bloodtransftype(1)] = '1'",y,,,,,
treatments_cryoprecipitatevol,daily,,text,"Cryoprecipitate  volume (mL/24 hours)",,,,,,,"[treatments_bloodtransftype(2)] = '1'",y,,,,,
treatments_wholebloodvol,daily,,text,"Whole blood/packed RBC volume (mL/24 hours)",,,,,,,"[treatments_bloodtransftype(3)] = '1'",y,,,,,
treatments_plasmavol,daily,,text,"Frozen fresh plasma volume (mL/24 hours)",,,,,,,"[treatments_bloodtransftype(4)] = '1'",y,,,,,
treatments_fibrinogenvol,daily,,text,"Fibrinogen concentrate volume (mL/24 hours)",,,,,,,"[treatments_bloodtransftype(5)] = '1'",y,,,,,
treatments_intravenimunoglobul,daily,,radio,"Intravenous Immunoglobulin?","1, Yes | 0, No",,,,,,[daily_datatype(2)]='1',y,RH,,,,
treatments_plasmapheresis,daily,,radio,"Plasmapheresis/Plasma Exchange? ","1, Yes | 0, No",,,,,,[daily_datatype(2)]='1',y,RH,,,,
treatments_antibiotics,daily,,radio,"Antibiotics? ","1, Yes | 0, No",,,,,,[daily_datatype(2)]='1',y,RH,,,,
treatments_steroids,daily,,radio,"Steroids? ","1, Yes | 0, No",,,,,,[daily_datatype(2)]='1',y,RH,,,,
treatments_suppleo2,daily,,radio,"Any supplemental oxygen","1, Yes | 0, No",,,,,,[daily_datatype(2)]='1',y,RH,,,,
treatments_o2supporttype,daily,,radio,"What is the most amount of respiratory support a patient has received (from 00:00 to 24:00) on day of assessment?","1, Nasal prong | 2, Face mask | 3, High-flow nasal oxygen | 4, Non-invasive ventilation | 5, Invasive ventilation | 6, ECLS/ ECMO",,,,,,"[treatments_suppleo2] = '1'",y,RV,,,,
treatments_pao2sampletype,daily,,radio,"PaO2 sample type","1, Arterial | 0, Not done",,,,,,"[treatments_o2supporttype] = '4' or [treatments_o2supporttype] = '5' or [treatments_o2supporttype] = '6'",y,,,,,
treatments_pao2,daily,,text,PaO2,,,number,,,,"[treatments_pao2sampletype] = '1'",y,,,,,
treatments_pao2units,daily,,radio,"PaO2 Units","1, kPa | 2, mmHg",,,,,,"[treatments_pao2sampletype] = '1'",y,RH,,,,
treatments_fio2atpao2,daily,,text,"FiO2 at time of PaO2 ",,,number,,,,"[treatments_pao2sampletype] = '1'",y,,,,,
treatments_fio2atpao2units,daily,,radio,"FiO2 Units","1, 0.21-1.0 | 2, %",,,,,,"[treatments_pao2sampletype] = '1'",y,,,,,
treatments_typleniv,daily,,radio,"What type of Non-invasive ventilation?","1, CPAP | 2, BIPAP| xx, Other",,,,,,"[treatments_o2supporttype] = '4'",y,,,,,
treatments_typeecmo,daily,,radio,"What type of ECLS/ ECMO? ","1, Venous-venous | 2, Venous-arterial",,,,,,"[treatments_o2supporttype] = '6'",y,,,,,
treatments_neuromuscularblocking,daily,,radio,"Neuromuscular blocking agents?","1, Yes | 0, No",,,,,,[daily_datatype(2)]='1',y,RH,,,,
treatments_nitricoxide,daily,,radio,"Inhaled nitric oxide? ","1, Yes | 0, No",,,,,,[daily_datatype(2)]='1',y,RH,,,,
treatments_icu,daily,,radio,"ICU / ITU / HDU / Intermediate Care Unit admission?      ","1, Yes | 0, No",,,,,,[daily_datatype(2)]='1',y,RH,,,,
treatments_rtt,daily,,radio,"Renal replacement therapy (RRT) or dialysis / hemofiltration?  ","1, Yes | 0, No",,,,,,[daily_datatype(2)]='1',y,RH,,,,
treatments_vasopressorinotropic,daily,,radio,"Any vasopressor/inotropic support?","1, Yes | 0, No",,,,,,[daily_datatype(2)]='1',y,RH,,,,
treatments_vasopress1,daily,,radio,"Dopamine <5µg/kg/min   OR   dobutamine   OR   milrinone   OR   levosimendan","1, Yes | 0, No",,,,,,"[treatments_vasopressorinotropic] = '1'",y,RH,,,,
treatments_vasopress2,daily,,radio,"Dopamine 5-15µg/kg/min OR epinephrine(adrenaline)/norepinephrine(noradrenaline) < 0.1µg/kg/min OR  vasopressin   OR phenylephrine
","1, Yes | 0, No",,,,,,"[treatments_vasopressorinotropic] = '1'",y,RH,,,,
treatments_vasopress3,daily,,radio,"Dopamine >15µg / kg / min OR epinephrine(adrenaline) / norepinephrine(noradrenaline) > 0.1µg / kg / min","1, Yes | 0, No",,,,,,"[treatments_vasopressorinotropic] = '1'",y,RH,,,,
treatments_unlisted,daily,,radio,"Other intervention(s) or procedure(s)?","1, Yes | 0, No",,,,,,[daily_datatype(2)]='1',y,RH,,,,
treatments_unlistedother,daily,,notes,"Specify other intervention(s) or procedure(s)",,,,,,,"[treatments_unlisted] = '1'",y,,,,,
labs_haemoglobin,daily,"LABORATORY RESULTS 
(Record the value furthest from normal range between 00:00 to 24:00 on day of assessment)
",text,Haemoglobin,,,number,,,,[daily_datatype(3)]='1',y,,,,,
labs_haemoglobinunits,daily,,radio,"Haemoglobin Units","1, g/dL | 2, g/L | 3, mmol/L| xx, Other",,,,,,[daily_datatype(3)]='1',y,RV,,,,
labs_haemoglobinotherunit,daily,,text,"Specify Haemoglobin Units",,,,,,,[labs_haemoglobinunits]='xx',y,,,,,
labs_wbccount,daily,,text,"WBC count (10^9/L)",,,number,,,,[daily_datatype(3)]='1',y,,,,,
labs_lymphocytes,daily,,text,Lymphocytes,,,number,,,,[daily_datatype(3)]='1',y,,,,,
labs_lymphocytesunits,daily,,radio,"Lymphocytes Units","1, 10^9/L | 2, 10^6/L | 3, cells/uL | 4, 10^3/uL| xx, Other",,,,,,[daily_datatype(3)]='1',y,RV,,,,
labs_lymphocytesotherunit,daily,,text,"Specify Lymphocytes Units",,,,,,,[labs_lymphocytesunits]='xx',y,,,,,
labs_neutrophils,daily,,text,Neutrophils,,,number,,,,[daily_datatype(3)]='1',y,,,,,
labs_neutrophilsunits,daily,,radio,"Neutrophils Units","1, 10^9/L | 2, 10^6/L | 3, cells/uL | 4, 10^3/uL| xx, Other",,,,,,[daily_datatype(3)]='1',y,RV,,,,
labs_neutrophilsotherunit,daily,,text,"Specify Neutrophils Units",,,,,,,[labs_neutrophilsunits]='xx',y,,,,,
labs_hematocrit,daily,,text,Hematocrit,,,number,,,,[daily_datatype(3)]='1',y,,,,,
labs_hematocritunits,daily,,radio,"Hematocrit Units","1, % | 2, fraction of 1 | 3, L/L| xx, Other",,,,,,[daily_datatype(3)]='1',y,RV,,,,
labs_hematocritotherunit,daily,,text,"Specify Hematocrit Units",,,,,,,[labs_hematocritunits]='xx',y,,,,,
labs_platelets,daily,,text,Platelets,,,number,,,,[daily_datatype(3)]='1',y,,,,,
labs_plateletsunits,daily,,radio,"Platelets Units","1, 10^9/L | 2, 10^6/L | 3, 10^3/uL| xx, Other",,,,,,[daily_datatype(3)]='1',y,RV,,,,
labs_plateletsotherunit,daily,,text,"Specify Platelets Units",,,,,,,[labs_plateletsunits]='xx',y,,,,,
labs_aptt,daily,,text,"APTT (seconds)",,,number,,,,[daily_datatype(3)]='1',y,,,,,
labs_aptr,daily,,text,APTR,,,number,,,,[daily_datatype(3)]='1',y,,,,,
labs_pt,daily,,text,"PT (seconds)",,,number,,,,[daily_datatype(3)]='1',y,,,,,
labs_tqinr,daily,,text,TQ/INR,,,number,,,,[daily_datatype(3)]='1',y,,,,,
labs_altsgpt,daily,,text,"ALT / SGPT (U/L)",,,number,,,,[daily_datatype(3)]='1',y,,,,,
labs_bilirubin,daily,,text,"Total bilirubin",,,number,,,,[daily_datatype(3)]='1',y,,,,,
labs_bilirubinunits,daily,,radio,"Total bilirubin Units","1, umol/L | 2, mg/dL| xx, Other",,,,,,[daily_datatype(3)]='1',y,RH,,,,
labs_bilirubinotherunit,daily,,text,"Specify Bilirubin Units",,,,,,,[labs_bilirubinunits]='xx',y,,,,,
labs_astsgot,daily,,text,"AST / SGOT (U/L) ",,,number,,,,[daily_datatype(3)]='1',y,,,,,
labs_glucose,daily,,text,Glucose,,,number,,,,[daily_datatype(3)]='1',y,,,,,
labs_glucoseunits,daily,,radio,"Glucose Units","1, mmol/L | 2, mg/dL | 3, g/L| xx, Other",,,,,,[daily_datatype(3)]='1',y,RV,,,,
labs_glucoseotherunit,daily,,text,"Specify Glucose Units",,,,,,,[labs_glucoseunits]='xx',y,,,,,
labs_ggt,daily,,text,"GGT (U/L)",,,number,,,,[daily_datatype(3)]='1',y,,,,,
labs_bun,daily,,text,"Urea (BUN)",,,number,,,,[daily_datatype(3)]='1',y,,,,,
labs_bununits,daily,,radio,"BUN Units","1, mmol/L | 2, mg/dL | 3, g/L| xx, Other",,,,,,[daily_datatype(3)]='1',y,,,,,
labs_bunotherunit,daily,,text,"Specify BUN units",,,,,,,"[labs_bununits] = 'xx'",y,,,,,
labs_lactate,daily,,text,"Lactate (mmol/L)",,,number,,,,[daily_datatype(3)]='1',y,,,,,
labs_creatinine,daily,,text,Creatinine,,,number,,,,[daily_datatype(3)]='1',y,,,,,
labs_creatinineunits,daily,,radio,"Creatinine Units","1, umol/L | 2, mg/dL | 3, umol| xx, Other",,,,,,[daily_datatype(3)]='1',y,RV,,,,
labs_creatinineotherunit,daily,,text,"Specify Creatinine Units",,,,,,,[labs_creatinineunits]='xx',y,,,,,
labs_sodium,daily,,text,Sodium,,,number,,,,[daily_datatype(3)]='1',y,,,,,
labs_sodiumunits,daily,,radio,"Sodium Units","1, mmol/L | 2, mEq/L| xx, Other",,,,,,[daily_datatype(3)]='1',y,RH,,,,
labs_sodiumotherunit,daily,,text,"Specify Sodium Units",,,,,,,[labs_sodiumunits]='xx',y,,,,,
labs_potassium,daily,,text,Potassium,,,number,,,,[daily_datatype(3)]='1',y,,,,,
labs_potassiumunits,daily,,radio,"Potassium Units","1, mmol/L | 2, mEq/L| xx, Other",,,,,,[daily_datatype(3)]='1',y,RH,,,,
labs_potassiumotherunit,daily,,text,"Specify Potassium Units",,,,,,,[labs_potassiumunits]='xx',y,,,,,
labs_procalcitonin,daily,,text,Procalcitonin,,,number,,,,[daily_datatype(3)]='1',y,,,,,
labs_procalcitoninunits,daily,,radio,"Procalcitonin Units","1, ug/L | 2, ng/mL| xx, Other",,,,,,[daily_datatype(3)]='1',y,RH,,,,
labs_procalcitoninotherunit,daily,,text,"Specify Procalcitonin Units",,,,,,,[labs_procalcitoninunits]='xx',y,,,,,
labs_crp,daily,,text,CRP,,,number,,,,[daily_datatype(3)]='1',y,,,,,
labs_crpunits,daily,,radio,"CRP units","1, mg/L | 2, mg/dL| xx, Other",,,,,,[daily_datatype(3)]='1',y,RH,,,,
labs_crpotherunit,daily,,text,"Specify CRP units",,,,,,,"[labs_crpunits] = 'xx'",y,,,,,
labs_ldh,daily,,text,LDH,,,number,,,,[daily_datatype(3)]='1',y,,,,,
labs_ldhunits,daily,,radio,"LDH Units","1, U/L | 2, IU/L| xx, Other",,,,,,[daily_datatype(3)]='1',y,RH,,,,
labs_ldhotherunit,daily,,text,"Specify LDH Units",,,,,,,"[labs_ldhunits] = 'xx'",y,,,,,
labs_creatinekinase,daily,,text,"Creatine Kinase",,,number,,,,[daily_datatype(3)]='1',y,,,,,
labs_creatinekinaseunits,daily,,radio,"Creatine Kinase Units","1, U/L | 2, IU/L| xx, Other",,,,,,[daily_datatype(3)]='1',y,RH,,,,
labs_creatinekinaseotherunit,daily,,text,"Specify Creatine Kinase Units",,,,,,,[labs_creatinekinaseunits]='xx',y,,,,,
labs_troponini,daily,,text,"Troponin I",,,number,,,,[daily_datatype(3)]='1',y,,,,,
labs_troponiniunits,daily,,radio,"Troponin I Units","1, ug/L | 2, ng/L | 3, ng/dL| xx, Other",,,,,,[daily_datatype(3)]='1',y,RV,,,,
labs_troponiniotherunit,daily,,text,"Specify Troponin I Units",,,,,,,[labs_troponiniunits]='xx',y,,,,,
labs_ddimer,daily,,text,D-Dimer,,,number,,,,[daily_datatype(3)]='1',y,,,,,
labs_ddimerunits,daily,,radio,"D-Dimer Units","1, mg/L | 2, ug/L | 3, ng/mL| xx, Other",,,,,,[daily_datatype(3)]='1',y,RV,,,,
labs_ddimerotherunit,daily,,text,"Specify D-Dimer Units",,,,,,,[labs_ddimerunits]='xx',y,,,,,
labs_ferritin,daily,,text,Ferritin,,,number,,,,[daily_datatype(3)]='1',y,,,,,
labs_ferritinunits,daily,,radio,"Ferritin Units","1, ug/L | 2, ng/mL| xx, Other",,,,,,[daily_datatype(3)]='1',y,RH,,,,
labs_ferritinotherunit,daily,,text,"Specify Ferritin Units",,,,,,,[labs_ferritinunits]='xx',y,,,,,
labs_il6,daily,,text,IL-6,,,number,,,,[daily_datatype(3)]='1',y,,,,,
labs_il6units,daily,,radio,"IL-6 Units","1, ng/L | 2, ng/mL| xx, Other",,,,,,[daily_datatype(3)]='1',y,RH,,,,
labs_il6otherunit,daily,,text,"Specify IL-6 units",,,,,,,"[labs_il6units] = 'xx'",y,,,,,
labs_fibrinogen,daily,,text,Fibrinogen,,,number,,,,[daily_datatype(3)]='1',y,,,,,
labs_fibrinogenunit,daily,,radio,"Fibrinogen units","1, mg/dL | 2, g/L | xx, Other",,,,,,[daily_datatype(3)]='1',y,RH,,,,
labs_fibrinogenotherunit,daily,,text,"Specify fibrinogen unit",,,,,,,"[labs_fibrinogenunit] = 'xx'",y,RH,,,,
labs_albumin,daily,,text,Albumin,,,number,,,,[daily_datatype(3)]='1',y,,,,,
labs_albuminunits,daily,,radio,"Albumin Units","1, g/dL | 2, mmol/L | 3, g/L| xx, Other",,,,,,[daily_datatype(3)]='1',y,RV,,,,
labs_albuminotherunit,daily,,text,"Specify Albumin Units",,,,,,,[labs_albuminunits]='xx',y,,,,,
labs_proteintp,daily,,text,"Protein TP (g/L)",,,number,,,,[daily_datatype(3)]='1',y,,,,,
labs_paco2,daily,,text,PaCO2,,,number,,,,[daily_datatype(3)]='1',y,,,,,
labs_paco2units,daily,,radio,"PaCO2 Units","1, mmHg | 2, kPa| xx, Other",,,,,,[daily_datatype(3)]='1',y,RH,,,,
labs_paco2otherunit,daily,,text,"Specify PaCO2 Units",,,,,,,"[labs_paco2units] = 'xx'",y,,,,,
labs_ph,daily,,text,pH,,,number,,,,[daily_datatype(3)]='1',y,,,,,
labs_hco3,daily,,text,"HCO3- ",,,number,,,,[daily_datatype(3)]='1',y,,,,,
labs_hco3units,daily,,radio,"HCO3-  Units","1, mEq/L | 2, mmol/L| xx, Other",,,,,,[daily_datatype(3)]='1',y,RH,,,,
labs_hco3otherunit,daily,,text,"Specify HCO3-  Units",,,,,,,[labs_hco3units]='xx',y,,,,,
labs_baseexcess,daily,,text,"Base Excess (mmol/L)",,,number,,,,[daily_datatype(3)]='1',y,,,,,
imaging_xray,daily,IMAGING,radio,"Was a chest X-Ray performed?","1, Yes | 0, No",,,,,,[daily_datatype(4)]='1',y,RH,,,,
imaging_xraydate,daily,,text,"X-ray date ",,,date_dmy,,,,"[imaging_xray] = '1'",y,,,,,
imaging_xrayresult,daily,,checkbox,"X-Ray result","1, Normal | 2, Pulmonary oedema | 3, Pneumonia | 4, Pleural effusion| xx, Other",,,,,,"[imaging_xray] = '1'",y,RV,,,,
imaging_xrayresultother,daily,,text,"Specify other x-ray result",,,,,,,"[imaging_xrayresult(xx)] = '1'",y,,,,,
imaging_pleuraleffside,daily,,checkbox,"On which side was pleural effusion identified? ","1, Right | 2, Left",,,,,,"[imaging_xrayresult(4)] = '1'",y,RV,,,,
imaging_ultrasound,daily,,radio,"Was an ultrasound performed?","1, Yes | 0, No",,,,,,[daily_datatype(4)]='1',y,RH,,,,
imaging_ultrasounddate,daily,,text,"Ultrasound date ",,,date_dmy,,,,"[imaging_ultrasound] = '1'",y,,,,,
imaging_ultrasoundascites,daily,,radio,Ascites,"1, Yes | 0, No",,,,,,"[imaging_ultrasound] = '1'",y,RH,,,,
imaging_ultrasoundascitessize,daily,,radio,"Ascites size","1, Small | 2, Moderate | 3, Severe",,,,,,"[imaging_ultrasoundascites] = '1'",y,RH,,,,
imaging_ultrasoundpleural,daily,,radio,"Pleural effusion","1, Yes | 0, No",,,,,,"[imaging_ultrasound] = '1'",y,RH,,,,
imaging_ultrasoundpleuralsizeright,daily,,text,"Pleural effusion right size (cm)",,,number,,,,"[imaging_ultrasoundpleural] = '1'",y,,,,,
imaging_ultrasoundpleuralsizeleft,daily,,text,"Pleural effusion left size (cm)",,,number,,,,"[imaging_ultrasoundpleural] = '1'",y,,,,,
imaging_ultrasoundpericardial,daily,,radio,"Pericardial effusion","1, Yes | 0, No",,,,,,"[imaging_ultrasound] = '1'",y,RH,,,,
imaging_ultrasoundpericardialsize,daily,,text,"Pericardial effusion size (cm)",,,number,,,,"[imaging_ultrasoundpericardial] = '1'",y,,,,,
imaging_liversize,daily,,text,"Liver size (cm)",,,number,,,,"[imaging_ultrasound] = '1'",y,,,,,
imaging_gallbladderwall,daily,,text,"Gallbladder wall (cm)",,,number,,,,"[imaging_ultrasound] = '1'",y,,,,,
imaging_unlisted,daily,,radio,"Other ultrasound finding","1, Yes | 0, No",,,,,,"[imaging_ultrasound] = '1'",y,,,,,
imaging_unlistedother,daily,,text,"Specify other ultrasound findings",,,,,,,"[imaging_unlisted] = '1'",y,,,,,
medicationtype,outcome_medication,"MEDICATION SUMMARY ",radio,"While hospitalised or at discharge, select medication administered? ","3, Antibiotic | 4, Corticosteroid| xx, Other treatments for pathogen including experimental or compassionate use",,,,,,,y,,,,,
antibioticagent,outcome_medication,,radio,Antibiotic,"1, Ceftriaxone | 2, Ciprofloxacin | 3, Levofloxacin | 4, Linezolid | 5, Meropenem | 6, Piperacillin - Tazobactam | 7, Teicoplanin | 8, Vancomycin | 9, Polymyxin B | 10, Colistimethate | xx, Other",,,,,,"[medicationtype] = '3'",y,,,,,
antibioticagent_list,outcome_medication,,dropdown,"Select the antibiotic","1, Amikacin (Amikin) | 2, Amoxicillin | 3, Amphotericin ( Amphocin) | 4, Ampicillin / Sulbactam (Unasyn) | 5, Azithromycin ( Zithromax) | 6, Caspofugin ( Cancidas) | 7, Cefepime ( Maxipime) | 8, Cefoperazone ( Cefobid) | 9, Cefotaxime ( Claforan) | 10, Ceftazidime (Fortaz) | 11, Ceftizoxime ( Cefizox) | 12, Chloramphenicol | 13, clairthromycin | 14, Clindamycin ( Cleocin) | 15, Cloxacillin | 16, Deptomycin ( Cubicin) | 17, Ertrapenem ( Invanz) | 18, Erythromycin | 19, Fluconazole ( Diflucan) | 20, Gatifloxacin ( Tequin) | 21, Gentamicin ( Garamycin) | 22, Imipenim/ Cilastin ( Primaxin) | 23, Kanamycin ( KAntrex) | 24, Metronidazole ( Flagyl) | 25, Moxifloxacin ( Avelox) | 26, Newmycin | 27, Penicillin | 28, Ticarcillin / Clavulanate ( Timentin) | 29, Tobramycin ( Nebcin) | 30, Trovafloxacin ( Trovan) | 31, Voriconizole ( Vfend) | xx, Other",,,,,,"[antibioticagent] = 'xx'",y,,,,,
corticosteroid_agent,outcome_medication,,radio,"Corticosteroid agent","1, Dexamethasone | 2, Prednisolone | 3, Hydrocortisone | 4, Methylprednisolone| xx, Other",,,,,,"[medicationtype] = '4'",y,,,,,
medicationother,outcome_medication,,text,"Specify other medication",,,,,,,"[corticosteroid_agent] = 'xx' or [antibioticagent_list] = 'xx' or [medicationtype] = 'xx'",y,,,,,
medicationdate,outcome_medication,,text,"Date started / first dose",,,date_dmy,,,,,y,,,,,
numberofdays,outcome_medication,,text,"Total # of days treatment given",,,number,,,,,y,,,,,
diagnostics_hepatitis,outcome,"DIAGNOSTIC SUMMARY",radio,"Hepatitis viruses","1, Lab positive | 0, Lab negative",,,,,,,y,,,,,
diagnostics_hepatitistype,outcome,,radio,"Hepatitis type","1, A | 2, B | 3, C | 4, D | 5, E| xx, Other",,,,,,"[diagnostics_hepatitis] = '1'",y,RH,,,,
diagnostics_hepatitistypeother,outcome,,text,"Specify other type of hepatitis",,,,,,,"[diagnostics_hepatitistype] = 'xx'",y,RH,,,,
diagnostics_dengue,outcome,,radio,"Dengue infection","1, Tested | 0, Not tested",,,,,,,y,RH,,,,
diagnostics_denguensirdt,outcome,,radio,"NSI RDT","1, Positive | 0, Negative",,,,,,"[diagnostics_dengue] = '1'",y,RH,,,,
diagnosis_denguerdtns1,outcome,,radio,"NS1/IgM/IgG combination test (RDT) - NS1","1, Positive | 0, Negative",,,,,,"[diagnostics_dengue] = '1'",y,RH,,,,
diagnosis_denguerdtigm,outcome,,radio,"NS1/IgM/IgG combination test (RDT) - igM","1, Positive | 0, Negative",,,,,,"[diagnostics_dengue] = '1'",y,RH,,,,
diagnosis_denguerdtigg,outcome,,radio,"NS1/IgM/IgG combination test (RDT) - igG","1, Positive | 0, Negative",,,,,,"[diagnostics_dengue] = '1'",y,RH,,,,
diagnosis_denguensielisa,outcome,,radio,"NSI ELISA","1, Positive | 0, Negative",,,,,,"[diagnostics_dengue] = '1'",y,RH,,,,
diagnostics_dengueigmiggelisa1date,outcome,,text,"Date of IgM/IgG ELISA first Sample",,,date_dmy,,,,"[diagnostics_dengue] = '1'",y,RH,,,,
diagnosis_dengueigmelisa1result,outcome,,radio,"IgM ELISA first sample","1, Positive | 0, Negative",,,,,,"[diagnostics_dengue] = '1'",y,RH,,,,
diagnosis_dengueiggelisa1result,outcome,,radio,"IgG ELISA first sample","1, Positive | 0, Negative",,,,,,"[diagnostics_dengue] = '1'",y,RH,,,,
diagnostics_dengueigmiggelisa2date,outcome,,text,"Date of IgM/IgG ELISA second Sample",,,date_dmy,,,,"[diagnostics_dengue] = '1'",y,RH,,,,
diagnosis_dengueigmelisa2,outcome,,radio,"igM ELISA first sample","1, Positive | 0, Negative",,,,,,"[diagnostics_dengue] = '1'",y,RH,,,,
diagnosis_dengueiggelisa2,outcome,,radio,"igG ELISA first sample","1, Positive | 0, Negative",,,,,,"[diagnostics_dengue] = '1'",y,RH,,,,
diagnosis_denguepcr,outcome,,radio,"Dengue PCR  ","1, Positive | 0, Negative",,,,,,"[diagnostics_dengue] = '1'",y,RH,,,,
diagnostics_denguedenvtype,outcome,,radio,"Dengue virus type","1, DENV1 | 2, DENV2 | 3, DENV3 | 4, DENV4",,,,,,"[diagnosis_denguepcr] = '1'",y,RH,,,,
diagnostics_bacterial,outcome,,radio,"Bacterial testing","1, Lab confirmed | 0, Lab negative",,,,,,,y,RH,,,,
diagnostics_bacterialspecify,outcome,,notes,"Specify bacterial pathogen(s) detected",,,,,,,"[diagnostics_bacterial] = '1'",y,,,,,
diagnostics_unlisted,outcome,,radio,"Other pathogen(s) detected","1, Yes | 0, No",,,,,,,y,RH,,,,
diagnostics_unlistedother,outcome,,notes,"Specify other pathogens detected",,,,,,,"[diagnostics_unlisted] = '1'",y,,,,,
complications_shock,outcome,"COMPLICATIONS: At any time during hospitalisation did the patient experience",radio,"Shock ","1, Yes | 0, No",,,,,,,y,RH,,,,
complications_seizure,outcome,,radio,Seizure,"1, Yes | 0, No",,,,,,,y,RH,,,,
complications_focalneurological,outcome,,radio,"Focal neurological signs","1, Yes | 0, No",,,,,,,y,RH,,,,
complications_severeneurologic,outcome,,radio,"Severe neurological disease","1, Yes | 0, No",,,,,,,y,RH,,,,
complications_meningitis,outcome,,radio,"Meningitis / Encephalitis","1, Yes | 0, No",,,,,,,y,RH,,,,
complications_sepsis,outcome,,radio,Sepsis,"1, Yes | 0, No",,,,,,,y,RH,,,,
complications_coagulationdisorder,outcome,,radio,"Coagulation disorder / DIC","1, Yes | 0, No",,,,,,,y,RH,,,,
complications_severebleeding,outcome,,radio,"Severe bleeding (requiring intervention)","1, Yes | 0, No",,,,,,,y,RH,,,,
complications_bleedingsite,outcome,,checkbox,"Site of bleeding","1, Skin | 0, Nose | 3, Gums | 4, GI tract | 5, Urinary tract | 6, Vaginal| xx, Other",,,,,,"[complications_severebleeding] = '1'",y,,,,,
complications_bleedingsiteother,outcome,,text,"Specify other bleeding site",,,,,,,"[complications_bleedingsite(xx)] = '1'",y,,,,,
complications_acuterespiratorydistr,outcome,,radio,"Acute Respiratory Distress Syndrome","1, Yes | 0, No",,,,,,,y,RH,,,,
complications_cardiacarrhythmia,outcome,,radio,"Cardiac arrhythmia","1, Yes | 0, No",,,,,,,y,RH,,,,
complications_cardiacarrest,outcome,,radio,"Cardiac arrest","1, Yes | 0, No",,,,,,,y,RH,,,,
complications_myocarditis,outcome,,radio,"Myocarditis / Pericarditis","1, Yes | 0, No",,,,,,,y,RH,,,,
complications_pleuraleffusion,outcome,,radio,"Pleural effusion","1, Yes | 0, No",,,,,,,y,RH,,,,
complications_severeliverdisease,outcome,,radio,"Severe liver disease","1, Yes | 0, No",,,,,,,y,RH,,,,
complications_severeliverdiseasetype,outcome,,checkbox,"Severe liver disease type","1, Acute hepatitis | 2, Jaundice | 3, Hepatic encephalopathy (any grade)",,,,,,"[complications_severeliverdisease] = '1'",y,,,,,
complications_ascites,outcome,,radio,Ascites,"1, Yes | 0, No",,,,,,,y,RH,,,,
complications_acuterenalinjury,outcome,,radio,"Acute renal injury / Acute renal failure","1, Yes | 0, No",,,,,,,y,RH,,,,
complications_unlisted,outcome,,radio,"Other complications","1, Yes | 0, No",,,,,,,y,RH,,,,
complications_unlistedother,outcome,,notes,"Specify other complications",,,,,,,"[complications_unlisted] = '1'",y,RH,,,,
interventionsdengue_fluidtype,outcome,"INTERVENTIONS While hospitalised, were any of the following administered/undertaken? ",checkbox,"Select all Parenteral / IV fluid that were administered","1, Crystalloid | 2, Albumin | 3, Gelatin | 4, Starches | 5, None",,,,,,,y,,,,,
interventionsdengue_crystalloidvol,outcome,,text,"Crystalloid volume (mL/24 hours)",,,,,,,"[interventionsdengue_fluidtype(1)] = '1'",y,,,,,
interventionsdengue_albuminvol,outcome,,text,"Albumin volume (mL/24 hours)",,,,,,,"[interventionsdengue_fluidtype(2)] = '1'",y,,,,,
interventionsdengue_gelatinvol,outcome,,text,"Gelatin volume (mL/24 hours)",,,,,,,"[interventionsdengue_fluidtype(3)] = '1'",y,,,,,
interventionsdengue_starchesvol,outcome,,text,"Starches volume (mL/24 hours)",,,,,,,"[interventionsdengue_fluidtype(4)] = '1'",y,,,,,
interventionsdengue_reasonivfluid,outcome,,checkbox,"Reason(s) for IV fluid (check all that apply)","1, Shock | 2, High/rising haematocrit | 3, Anorexia | 4, Persistent vomiting| xx, Other",,,,,,"[interventionsdengue_fluidtype(1)] = '1' or [interventionsdengue_fluidtype(2)] = '1' or [interventionsdengue_fluidtype(3)] = '1' or [interventionsdengue_fluidtype(4)] = '1'",y,,,,,
interventionsdengue_reasonivfluidother,outcome,,text,"Specify other reason for IV fluid",,,,,,,"[interventionsdengue_reasonivfluid(xx)] = '1'",y,RH,,,,
interventionsdengue_fluidstart,outcome,,text,"Date first IV fluid started",,,datetime_dmy,,,,"[interventionsdengue_fluidtype(1)] = '1' or [interventionsdengue_fluidtype(2)] = '1' or [interventionsdengue_fluidtype(3)] = '1' or [interventionsdengue_fluidtype(4)] = '1'",y,,,,," @HIDEBUTTON"
interventionsdengue_fluidend,outcome,,text,"Date last IV fluid ended",,,datetime_dmy,,,,"[interventionsdengue_fluidtype(1)] = '1' or [interventionsdengue_fluidtype(2)] = '1' or [interventionsdengue_fluidtype(3)] = '1' or [interventionsdengue_fluidtype(4)] = '1'",y,,,,," @HIDEBUTTON"
interventionsdengue_bloodprodtype,outcome,,checkbox,"Select all  blood product tranfusion that were administered","1, Platelets | 2, Cryoprecipitate | 3, Whole blood/packed RBC | 4, Frozen fresh plasma | 5, Fibrinogen concentrate | 6, None",,,,,,,y,,,,,
interventionsdengue_plateletsvol,outcome,,text,"Platelets volume  (mL/24 hours )",,,number,,,,"[interventionsdengue_bloodprodtype(1)] = '1'",y,,,,,
interventionsdengue_cryoprecivol,outcome,,text,"Cryoprecipitate volume  (mL/24 hours )",,,number,,,,"[interventionsdengue_bloodprodtype(2)] = '1'",y,,,,,
interventionsdengue_rbcvol,outcome,,text,"Whole blood/packed RBC volume  (mL/24 hours )",,,number,,,,"[interventionsdengue_bloodprodtype(3)] = '1'",y,,,,,
interventionsdengue_ffpvol,outcome,,text,"Fresh Frozen Plasma (FFP) volume   (mL/24 hours )",,,number,,,,"[interventionsdengue_bloodprodtype(4)] = '1'",y,,,,,
interventionsdengue_fibrinogenvol,outcome,,text,"Fibrinogen concentrate volume   (mL/24 hours )",,,number,,,,"[interventionsdengue_bloodprodtype(5)] = '1'",y,,,,,
interventionsdengue_ivimmunoglobulin,outcome,,radio,"Intravenous Immunoglobulin?","1, Yes | 0, No",,,,,,,y,RH,,,,
interventionsdengue_diuretics,outcome,,radio,"Diuretics? ","1, Yes | 0, No",,,,,,,y,RH,,,,
interventionsdengue_nacetylcysteine,outcome,,radio,"N-acetyl cysteine? ","1, Yes | 0, No",,,,,,,y,RH,,,,
interventionsdengue_fluiddrain,outcome,,radio,"Fluid drainage?","1, Yes | 0, No",,,,,,,y,RH,,,,
interventionsdengue_fluiddrainreason,outcome,,radio,"Reason for this drainage","1, Ascites | 2, Pleural effusion",,,,,,"[interventionsdengue_fluiddrain] = '1'",y,RH,,,,
interventionsdengue_plamaexch,outcome,,radio,"Plasmapheresis/Plasma Exchange?","1, Yes | 0, No",,,,,,,y,RH,,,,
interventionsdengue_daysplasmasupport,outcome,,text,"Days on plasma exchange support ",,,number,,,,"[interventionsdengue_plamaexch] = '1'",y,RH,,,,
interventions_suppleo2,outcome,,radio,"Any supplemental oxygen during the observation","1, Yes | 0, No",,,,,,,y,RH,,,,
interventions_o2supporttype,outcome,,radio,"what is the most amount of respiratory support a patient received?","1, Nasal prong | 2, Face mask | 3, High-flow nasal oxygen | 4, Non-invasive ventilation | 5, Invasive ventilation | 6, ECLS/ ECMO",,,,,,[interventions_suppleo2]='1',y,,,,,
interventions_niventtype,outcome,,radio,"What type of Non-invasive ventilation? ","1, CPAP | 2, BIPAP| xx, Other",,,,,,"[interventions_o2supporttype] = '4'",y,,,,,
interventions_ecmotype,outcome,,radio,"What type of ECLS/ ECMO? ","1, Venous-venous | 2, Venous-arterial",,,,,,"[interventions_o2supporttype] = '6'",y,,,,,
interventions_highestfio2,outcome,,text,"Highest FiO2",,,number,,,,"[interventions_o2supporttype] = '4' or [interventions_o2supporttype] = '5' or [interventions_o2supporttype] = '6'",y,,,,,
interventions_highestfio2units,outcome,,radio,"Highest FiO2 unit","1, decimal (0.21-1.0) | 2, %",,,,,,"[interventions_o2supporttype] = '4' or [interventions_o2supporttype] = '5' or [interventions_o2supporttype] = '6'",y,,,,,
interventions_o2therapydays,outcome,,text,"Number of calendar days the patient received any of this oxygen therapy ",,,number,,,,"[interventions_o2supporttype] = '4' or [interventions_o2supporttype] = '5' or [interventions_o2supporttype] = '6'",y,,,,,
interventionsdengue_neuromuscularblocking,outcome,,radio,"Neuromuscular blocking agents?","1, Yes | 0, No",,,,,,,y,RH,,,,
interventions_nitricoxide,outcome,,radio,"Inhaled Nitric Oxide?","1, Yes | 0, No",,,,,,,y,RH,,,,
interventions_tracheostomy,outcome,,radio,"Tracheostomy inserted? ","1, Yes | 0, No",,,,,,,y,RH,,,,
interventions_rtt,outcome,,radio,"Renal replacement therapy (RRT) or dialysis?","1, Yes | 0, No",,,,,,,y,RH,,,,
interventions_rttduration,outcome,,text,"Total RRT or dialysis duration during observation",,,number,,,,"[interventions_rtt] = '1'",y,,,,,
interventions_inotropesvasopr,outcome,,radio,Inotropes/vasopressors?,"1, Yes | 0, No",,,,,,,y,RH,,,,
interventions_inotropesvasoprduration,outcome,,text,"Total Inotropes/vasopressor duration during observation",,,number,,,,"[interventions_inotropesvasopr] = '1'",y,,,,,
interventions_icu,outcome,,radio,"ICU/ITU/High Dependency Unit/Intermediate Care Unit admission ?","1, Yes | 0, No",,,,,,,y,RH,,,,
interventions_icuadmindate,outcome,,text,"Date of first ICU admission",,,date_dmy,,,,"[interventions_icu] = '1'",y,,,,,
interventions_icuduration,outcome,,text,"Duration of first ICU admission (days)",,,number,,,,"[interventions_icu] = '1'",y,,,,,
interventions_icureadmission,outcome,,radio,"Was the patient admitted to ICU more than once? ","1, Yes | 0, No",,,,,,"[interventions_icu] = '1'",y,RH,,,,
interventions_icuadmindate2,outcome,,text,"Date of second ICU admission",,,date_dmy,,,,"[interventions_icureadmission] = '1'",y,,,,,
interventions_icuduration2,outcome,,text,"Duration of second ICU admission (days)",,,number,,,,"[interventions_icureadmission] = '1'",y,,,,,
outcome_maindiagnosisdengue,outcome,OUTCOME,radio,"Was the patient's MAIN diagnosis dengue?","1, Yes | 0, No",,,,,,,y,RH,,,,
outcome_maindiagnosisdengueclass,outcome,,radio,"What was the final classification of dengue?
","1, Uncomplicated dengue | 2, Dengue with warning signs | 3, Severe dengue",,,,,,"[outcome_maindiagnosisdengue] = '1'",y,,,,,
outcome_maindiagnosisdenguecomplications,outcome,,checkbox,"Severe dengue Complications:","1, Dengue shock syndrome | 2, Severe bleeding | 3, Severe organ impairment",,,,,,"[outcome_maindiagnosisdengueclass] = '3'",y,,,,,
outcome_maindiagnosis,outcome,,text,"What was the main diagnosis?",,,,,,,"[outcome_maindiagnosisdengue] = '0'",y,,,,,
outcome_secondarydiagnosis,outcome,,radio,"Was there any secondary diagnosis?","1, Yes | 0, No",,,,,,,y,RH,,,,
outcome_secondarydiagnosisspecify,outcome,,text,"Specify secondary diagnosis",,,,,,,"[outcome_secondarydiagnosis] = '1'",y,RH,,,,
outcome_date,outcome,,text,"Outcome date",,,date_dmy,,,,,y,,,,,
outcome_outcome,outcome,,radio,Outcome,"1, Discharged alive | 2, Still hospitalised | 3, Transfer to other facility | 4, Death | 5, Palliative discharge",,,,,,,y,,,,,
outcome_selfcarafterillness,outcome,,radio,"Ability to self-care at discharge versus before illness","1, Same as before illness | 2, Worse | 3, Better",,,,,,"[outcome_outcome] = '1'",y,,,,,
outcome_ongoingcare,outcome,,radio,"Ongoing health care needs relating to this admission for pathogen","1, Yes | 0, No",,,,,,"[outcome_outcome] = '1' or [outcome_outcome] = '2'",y,RH,,,,
outcome_ongoingcarenotrelated,outcome,,radio,"Ongoing health care needs NOT related to pathogen episode","1, Yes | 0, No",,,,,,"[outcome_outcome] = '1' or [outcome_outcome] = '2'",y,RH,,,,
outcome_carefordiffreason,outcome,,radio,"Medically fit for discharge (pathogen resolved) but remains in hospital for other reason (For instance awaiting alternate care, resident in long term health care or mental health facility)","1, Yes | 0, No",,,,,,"[outcome_outcome] = '2' or [outcome_outcome] = '3'",y,RH,,,,
